Grids,R0C0,R0C1,R0C2,R0C3,R0C4,R0C5,R1C0,R1C1,R1C2,R1C3,R1C4,R1C5,R2C0,R2C1,R2C2,R2C3,R2C4,R2C5,R3C0,R3C1,R3C2,R3C3,R3C4,R3C5,R4C0,R4C1,R4C2,R4C3,R4C4,R4C5
B0,0,7,5,42,0,0,0,3,3,1080,109,9,0,2,1,706,367,11,0,0,208,33,66,3,0,0,5,17,3,0
B1,0,3,2,16,0,0,0,1,2,289,35,10,0,0,0,218,123,7,0,0,85,16,9,0,0,0,4,1,2,0
B2,0,3,2,11,0,0,0,2,2,273,32,5,0,0,0,177,123,2,0,0,92,14,21,0,0,0,7,5,1,0
B3,0,2,0,19,0,1,0,0,2,271,33,3,0,1,0,144,120,7,0,0,93,21,24,1,0,0,7,5,1,0
B4,0,4,2,17,0,2,0,0,2,192,23,4,0,1,1,117,101,4,0,0,101,17,33,1,0,1,2,10,1,0
B5,0,6,0,21,0,0,0,2,6,139,27,3,0,1,0,103,122,3,0,0,79,24,30,0,0,3,12,3,0,0
B6,0,8,1,24,0,0,0,1,0,108,23,10,0,2,1,63,119,8,0,0,75,26,26,1,0,2,7,6,5,0
B7,0,10,2,14,0,1,0,3,4,98,18,5,0,2,0,57,85,6,0,0,96,26,25,1,0,2,12,8,1,0
B8,0,10,2,20,0,3,0,2,3,86,13,8,0,4,0,35,86,8,0,0,78,28,26,1,0,1,12,4,1,0
B9,0,9,0,21,0,2,0,2,1,57,22,6,0,2,1,25,83,9,0,0,74,38,26,1,0,1,13,13,5,0
B10,0,11,2,14,0,2,0,5,6,49,16,5,0,3,0,21,57,10,0,0,76,28,33,1,0,2,12,8,3,0
B11,0,8,1,10,0,1,0,2,8,57,16,11,0,2,0,27,49,13,0,0,80,25,18,0,0,2,27,12,3,0
B12,0,14,3,19,0,2,0,3,3,48,26,12,1,3,0,16,48,7,0,0,85,40,26,1,0,2,15,10,6,0
B13,0,26,0,12,0,3,0,5,4,55,14,8,1,3,2,13,31,8,0,0,83,35,13,4,0,3,29,15,3,0
B14,0,9,1,22,0,3,0,7,10,58,13,4,0,4,2,19,46,10,0,0,78,41,18,0,0,4,28,13,6,0
B15,0,14,2,18,0,4,0,11,5,39,19,10,0,9,0,11,36,12,0,1,50,32,13,1,0,7,25,18,7,0
B16,0,9,2,18,0,7,0,5,10,54,24,11,0,8,2,12,30,16,0,0,56,43,18,0,0,6,24,13,8,0
B17,0,15,1,27,0,7,0,8,9,58,26,19,2,12,2,7,25,10,1,0,61,44,19,0,0,3,30,15,2,0
B18,0,10,2,17,0,8,0,12,14,46,16,8,0,4,0,15,32,14,0,0,57,44,17,2,0,3,37,16,8,0
B19,0,19,1,14,0,10,0,12,15,59,24,19,1,12,3,6,21,19,0,2,68,36,18,0,0,9,27,21,11,0
B20,0,18,2,18,0,8,0,6,12,42,22,15,1,8,0,1,20,14,0,0,50,33,11,1,0,6,33,22,12,0
B21,0,21,1,16,0,6,0,15,27,52,7,8,1,10,0,9,20,16,0,0,58,30,11,3,0,5,26,21,13,0
B22,0,18,3,19,0,12,0,21,20,47,21,11,1,8,2,4,15,9,1,1,46,23,11,1,0,5,33,15,11,0
B23,0,17,3,17,0,8,0,22,20,50,18,15,4,11,0,4,17,17,0,1,34,33,19,6,0,6,23,22,19,0
B24,0,17,3,14,0,12,0,24,19,38,22,13,1,14,0,10,27,14,0,3,29,23,19,5,0,6,32,25,15,0
B25,0,15,4,16,0,16,0,23,24,35,20,14,3,19,5,5,16,16,0,0,38,25,17,4,2,3,33,18,20,0
B26,0,14,1,16,0,17,0,22,18,47,17,22,1,24,1,7,20,19,0,0,43,28,17,6,0,11,26,22,18,0
B27,0,14,6,21,0,15,0,27,20,47,23,17,4,27,5,3,15,19,0,0,30,24,26,4,0,3,37,26,27,0
B28,0,15,7,15,0,15,0,27,18,53,15,19,2,12,2,9,22,24,0,1,26,20,18,3,1,5,23,23,26,0
B29,0,9,7,17,0,26,0,15,24,38,11,15,1,24,6,3,18,21,1,0,31,21,13,7,0,3,20,23,31,0
B30,0,14,6,12,0,26,0,35,20,36,15,14,1,6,6,6,21,20,2,1,29,14,14,3,0,4,25,24,20,0
B31,0,11,4,18,0,28,0,30,23,48,7,11,3,14,6,5,19,29,0,2,32,16,18,3,2,6,28,23,29,0
B32,0,10,2,25,0,24,0,32,27,34,18,28,7,19,4,4,21,17,0,0,28,22,17,1,1,6,19,32,24,2
B33,0,10,7,17,0,32,0,24,28,37,14,25,4,20,6,5,22,23,0,0,30,17,26,6,0,1,22,29,21,0
B34,0,10,7,13,0,29,0,21,27,44,14,27,6,17,12,4,17,20,0,1,22,20,14,6,1,1,16,23,35,0
B35,0,9,7,15,0,30,0,38,35,45,13,19,6,14,10,2,23,28,0,0,24,14,28,6,1,7,17,23,29,0
B36,0,11,8,17,0,36,0,26,29,41,17,23,3,11,17,4,16,22,1,1,21,15,21,5,1,3,14,19,27,0
B37,0,10,7,13,0,40,0,27,22,31,11,27,7,16,11,4,16,23,0,0,17,12,23,11,0,2,12,26,38,1
B38,0,5,10,15,0,41,0,18,40,31,12,17,6,16,7,1,17,16,1,1,21,18,30,16,1,2,18,22,36,1
B39,0,2,8,14,0,40,0,43,22,31,17,15,5,12,13,6,17,20,0,3,16,15,17,16,0,2,17,17,41,0
B40,0,4,4,11,0,33,0,32,39,26,11,21,9,8,12,4,21,25,2,2,16,13,36,32,3,1,13,17,40,0
B41,0,7,4,15,0,41,0,26,30,22,6,26,10,17,13,6,18,22,1,1,15,8,26,45,3,1,21,20,44,0
B42,0,5,9,12,0,45,0,29,20,31,18,27,7,15,7,2,19,43,0,1,11,9,21,46,1,1,16,22,26,1
B43,0,6,12,18,0,43,0,25,28,31,11,21,7,13,9,3,14,32,1,2,14,8,32,70,1,2,19,21,27,0
B44,0,3,7,14,0,46,0,32,30,32,13,24,13,11,10,3,15,40,0,1,18,14,27,87,6,2,18,22,39,1
B45,0,5,8,13,0,41,0,20,27,38,12,27,4,12,11,4,13,48,1,2,12,12,48,139,10,2,19,20,33,1
B46,0,9,12,16,0,35,0,23,21,30,12,20,9,13,12,1,23,68,0,3,13,16,38,155,7,3,20,23,36,2
B47,0,7,19,14,0,24,0,17,23,41,11,14,9,10,10,5,21,70,0,5,14,14,38,195,10,2,13,14,33,0
B48,0,1,10,22,0,33,0,19,26,34,14,13,4,9,11,3,27,106,1,2,8,9,51,257,21,2,14,16,41,0
B49,0,7,12,13,0,27,0,22,18,26,11,27,6,13,8,4,37,119,6,6,17,9,53,304,28,1,13,25,27,0
B50,0,10,6,26,0,35,0,11,25,29,14,22,11,9,9,2,27,109,2,3,10,15,69,370,28,1,16,21,24,2
B51,0,2,19,21,0,43,0,24,24,20,6,31,4,15,13,0,32,137,1,3,14,16,56,397,43,1,19,17,44,1
B52,0,4,5,13,0,24,1,21,23,26,12,17,10,18,11,5,42,173,5,3,18,14,81,424,52,0,12,19,39,3
B53,0,6,10,13,0,32,0,19,23,22,19,28,13,12,12,4,51,178,1,5,12,8,89,446,59,1,17,20,39,4
B54,0,2,13,10,0,28,1,15,16,32,13,24,18,18,16,1,56,209,0,1,19,16,123,436,66,0,24,27,32,4
B55,0,7,9,20,0,20,1,19,16,32,12,31,13,15,8,5,80,193,7,4,15,7,112,433,76,2,24,19,38,1
B56,0,9,12,16,0,28,0,13,22,26,16,25,27,15,13,4,112,206,3,3,10,11,121,401,101,1,28,17,49,5
B57,0,9,7,19,0,23,0,12,18,27,22,34,41,19,9,1,116,171,9,7,14,19,130,369,111,6,33,23,37,15
B58,0,9,13,14,0,25,2,16,19,36,23,40,38,36,13,1,145,165,10,5,15,20,144,326,121,7,22,16,39,17
B59,0,11,7,22,0,27,0,9,26,42,27,37,43,35,12,5,174,178,25,11,12,15,164,313,132,8,32,20,43,21
B60,0,10,12,22,0,38,1,11,20,25,32,40,59,41,11,4,215,149,28,20,15,15,169,317,165,22,27,24,46,46
B61,0,5,9,21,0,35,2,9,34,27,42,60,106,62,12,9,235,145,34,20,13,13,203,314,170,18,28,14,64,59
B62,0,7,11,13,0,30,0,14,16,22,29,67,115,88,11,5,228,114,60,29,12,16,147,291,207,36,39,25,56,81
B63,0,6,14,16,0,24,4,10,25,32,56,61,137,104,12,8,246,105,81,40,18,12,181,251,220,62,38,22,89,116
B64,0,13,15,15,0,30,3,14,24,24,58,76,186,155,18,3,228,90,113,51,14,12,182,239,276,105,42,16,93,132
B65,0,9,11,13,0,33,4,5,32,24,82,87,198,217,21,6,249,66,167,58,20,15,154,203,337,145,55,25,80,209
B66,0,11,16,8,0,22,2,16,33,29,79,84,220,209,18,4,251,76,257,86,8,24,159,185,387,209,62,23,118,212
B67,0,8,9,14,0,28,13,16,24,30,91,97,249,244,12,9,258,63,289,98,13,13,152,160,421,247,59,17,128,285
B68,0,8,12,16,0,27,17,8,47,16,101,130,286,356,20,8,234,69,356,124,11,11,152,163,483,362,71,15,145,318
B69,0,7,12,7,0,25,29,20,55,34,112,134,282,342,31,10,179,49,418,164,15,15,142,94,478,465,105,16,210,382
B70,0,7,12,15,0,19,34,16,70,31,129,149,311,387,38,5,162,42,488,218,12,19,127,92,491,581,89,29,228,400
B71,0,9,10,19,0,30,61,19,76,24,128,160,300,431,47,14,148,40,593,255,21,17,147,45,492,652,129,24,213,438
B72,1,7,7,20,0,27,85,20,78,17,166,136,307,413,66,13,96,42,582,292,14,25,131,32,510,719,160,32,246,425
B73,0,8,19,11,0,24,123,26,105,27,130,158,375,398,55,14,91,37,574,291,22,21,110,21,429,726,159,41,274,471
B74,0,8,7,12,0,27,127,28,135,34,140,160,347,374,90,14,78,38,573,324,12,22,109,13,377,689,164,29,284,451
B75,2,11,9,19,0,26,174,40,176,25,144,161,370,381,128,27,67,33,560,366,18,29,97,15,336,691,191,35,290,478
B76,4,10,16,10,0,31,185,55,188,24,154,141,363,335,148,19,50,24,496,390,16,44,63,3,262,554,185,34,302,487
B77,6,12,7,22,0,21,228,89,224,20,151,144,398,348,161,37,48,30,434,323,23,51,88,5,197,457,189,58,336,416
B78,9,15,14,11,0,23,286,111,227,38,154,115,450,307,179,45,34,21,325,300,12,79,49,3,126,339,200,72,263,335
B79,11,18,7,11,0,39,325,152,307,26,159,134,420,264,224,60,29,18,306,271,21,81,57,6,101,239,191,105,271,346
B80,21,25,4,15,0,32,326,183,334,50,167,124,343,227,283,76,21,22,217,243,23,81,56,3,59,136,229,124,243,333
B81,27,46,18,16,0,35,363,222,336,58,198,122,325,253,267,102,23,27,166,229,16,108,55,2,43,124,180,134,226,271
B82,59,63,16,22,0,40,434,273,316,64,190,105,296,176,306,133,19,20,102,201,27,143,47,1,17,82,218,223,195,230
B83,79,86,22,20,0,19,438,341,314,68,199,126,265,154,325,162,19,19,70,164,29,163,30,2,16,57,194,254,147,211
B84,104,137,24,19,0,39,474,420,325,80,184,155,219,114,309,207,15,12,51,161,38,181,36,0,12,29,221,278,146,183
B85,138,181,22,23,0,39,504,437,276,104,199,154,152,87,339,243,12,24,36,154,52,219,44,1,7,20,200,319,108,138
B86,192,256,36,25,0,44,495,475,284,103,217,164,119,57,345,303,17,20,26,125,59,214,33,2,2,21,189,354,83,104
B87,253,294,29,33,3,48,487,510,261,112,225,166,76,46,309,303,13,11,21,148,75,221,41,2,3,12,199,381,77,86
B88,278,332,47,46,0,34,475,509,251,111,252,195,55,34,301,317,17,26,3,113,89,238,27,1,3,5,186,386,54,51
B89,403,403,58,42,1,43,417,491,191,92,238,185,38,20,321,334,10,14,6,111,116,283,29,4,2,3,202,361,52,34
B90,470,421,70,48,3,44,430,439,162,96,236,196,29,16,251,336,7,16,3,96,126,263,33,2,1,1,191,380,35,33
B91,564,432,82,52,18,38,385,377,169,94,215,180,8,8,239,292,9,23,5,74,159,273,40,7,1,2,181,372,48,18
B92,666,442,101,64,12,55,277,342,118,66,240,194,9,9,262,298,14,27,2,71,193,295,38,3,1,1,158,312,44,13
B93,669,457,131,53,29,44,238,235,101,57,247,219,6,2,219,304,11,19,2,50,214,309,35,0,2,1,155,290,36,9
B94,684,462,128,53,40,68,174,197,103,48,250,161,5,8,236,288,14,19,1,38,260,313,37,1,4,1,151,250,36,7
B95,736,461,155,66,57,67,129,177,78,59,237,186,8,3,202,243,17,23,0,30,284,339,26,2,0,1,150,201,28,4
B96,659,412,206,50,88,85,89,145,62,34,225,198,5,4,182,221,11,22,1,16,319,343,47,2,1,1,133,180,33,1
B97,549,437,219,74,134,126,57,79,45,45,226,195,6,8,139,191,12,13,0,17,301,340,29,1,2,0,117,156,23,1
B98,453,361,298,83,167,179,54,52,38,40,175,159,4,4,117,180,8,18,4,11,301,276,40,3,2,0,90,107,20,0
B99,358,312,362,84,228,215,16,35,31,50,164,169,4,3,86,115,13,22,0,9,241,233,38,1,0,0,74,97,16,0
B100,252,250,437,116,269,287,12,14,32,35,117,123,4,5,80,107,18,9,0,6,226,197,28,0,0,0,71,62,21,0
B101,163,173,484,149,339,363,4,15,20,30,100,115,4,3,39,83,19,19,0,8,206,155,30,3,2,1,45,78,20,1
B102,92,148,472,145,387,437,4,12,20,39,72,112,3,2,36,56,15,11,0,4,146,131,36,1,2,0,45,52,18,0
B103,60,118,518,183,418,468,0,4,20,23,42,84,3,5,41,36,12,15,1,4,115,84,27,3,1,0,33,49,27,1
B104,23,73,498,215,491,547,0,9,13,32,33,65,1,2,16,23,15,18,1,2,91,81,31,1,2,0,37,29,33,0
B105,11,53,511,232,529,486,0,4,9,35,16,37,4,2,23,34,16,7,1,1,64,51,36,3,2,0,25,25,28,0
B106,3,35,464,259,636,452,1,2,14,30,6,32,2,2,21,11,15,15,1,3,51,38,39,4,0,0,38,26,27,0
B107,0,26,401,314,610,378,0,4,11,17,5,20,1,1,18,14,17,14,1,5,45,35,21,0,1,1,29,18,27,1
B108,1,17,321,305,595,254,1,4,12,28,3,18,4,7,15,16,15,17,1,2,26,39,28,3,0,0,33,21,25,0
B109,0,15,222,315,548,212,0,4,23,22,4,11,3,5,25,16,18,15,1,8,29,23,33,1,0,0,30,23,18,0
B110,0,13,181,353,570,180,0,9,16,28,0,11,4,5,16,23,22,17,0,2,29,17,27,2,2,0,32,19,29,1
B111,0,9,121,395,424,110,0,4,18,23,3,8,2,2,15,14,19,17,0,2,15,18,34,2,1,0,25,18,33,0
B112,0,6,86,418,370,89,0,12,12,20,3,17,6,2,13,17,17,10,1,3,15,20,31,1,1,0,21,22,14,1
B113,0,9,54,389,303,63,0,5,17,22,3,7,2,3,9,16,18,13,0,3,23,15,34,1,1,1,18,15,30,0
B114,0,6,50,368,239,52,0,2,12,13,1,11,4,3,13,11,18,16,2,3,18,21,39,0,2,0,29,22,39,0
B115,0,9,27,269,179,30,0,3,12,22,1,11,2,2,18,8,27,12,0,7,15,16,35,2,0,0,12,19,19,0
B116,0,9,15,237,127,12,2,7,14,19,1,7,6,1,15,11,22,9,1,1,10,19,36,1,0,0,17,17,21,0
B117,0,4,26,178,73,26,0,10,9,17,1,13,1,4,14,12,21,14,1,3,17,23,29,1,0,0,22,8,34,0
B118,0,2,14,98,60,29,1,5,15,14,0,12,5,3,13,15,23,11,1,0,11,13,33,1,2,0,19,15,21,1
B119,0,5,10,70,22,20,0,5,11,12,1,11,3,4,11,10,17,12,0,1,14,8,33,2,4,0,19,16,27,3
B120,0,7,9,49,15,14,0,5,12,17,2,8,1,2,12,11,26,12,1,3,12,15,39,4,1,0,20,13,22,0
B121,0,9,15,20,4,16,0,6,12,15,0,10,3,2,8,12,32,15,2,4,14,13,43,2,2,0,12,14,19,0
B122,0,5,12,28,5,13,1,7,13,14,0,8,5,3,11,9,28,18,1,4,20,6,34,1,4,0,13,10,22,1
B123,0,6,6,16,4,15,0,7,11,15,0,9,6,1,4,7,25,14,2,1,14,2,32,2,0,0,9,17,17,0
B124,0,6,9,13,1,20,0,9,9,22,3,8,5,2,8,11,28,10,1,1,12,6,32,2,2,0,17,18,21,0
B125,0,8,8,21,0,14,0,8,5,18,0,6,1,4,11,9,24,13,1,2,18,10,37,2,1,0,13,9,21,1
B126,0,4,7,22,1,22,0,5,9,28,2,8,8,3,9,14,36,18,0,2,13,5,28,1,3,0,6,11,17,1
B127,0,5,11,11,0,12,0,4,6,18,1,5,4,6,11,15,25,16,0,4,19,7,47,1,2,0,15,8,18,0
B128,0,1,9,12,1,15,0,3,11,5,1,12,2,4,8,8,21,14,0,8,14,5,38,0,1,0,10,10,26,0
B129,0,7,5,21,0,14,0,3,8,14,2,8,2,3,6,13,32,15,0,6,12,12,34,1,4,0,12,12,21,0
B130,0,4,1,18,0,22,0,3,10,20,2,9,2,2,10,12,43,14,0,3,12,13,39,0,5,0,13,11,15,0
B131,0,4,7,12,0,9,0,5,7,12,1,6,2,3,6,15,17,9,0,3,14,9,46,2,4,0,12,12,31,1
B132,0,7,5,10,0,11,0,3,7,11,0,7,4,3,11,14,26,12,0,1,9,5,34,1,2,0,9,14,17,0
B133,0,4,7,12,0,16,0,2,7,14,0,3,5,3,5,11,16,15,0,4,9,4,44,2,2,0,4,10,25,0
B134,0,6,6,12,0,5,0,7,4,19,2,7,2,4,10,12,25,13,1,2,13,5,33,3,6,0,13,13,20,0
B135,0,4,9,11,0,18,0,2,6,12,1,8,1,3,4,7,20,17,0,5,10,7,27,2,6,0,9,7,16,0
B136,0,5,4,14,0,7,1,5,10,17,0,10,3,1,8,15,17,11,0,2,10,4,42,1,2,0,10,8,12,0
B137,0,5,4,9,0,13,0,4,7,13,0,8,3,1,7,8,26,22,1,4,9,6,29,1,1,0,7,7,20,0
B138,0,2,7,17,0,9,0,3,6,14,1,11,2,6,11,9,26,12,0,2,14,3,27,2,8,0,8,8,14,1
B139,0,3,9,11,0,3,0,5,8,15,1,5,2,5,8,6,17,14,0,2,10,7,21,1,3,0,4,8,13,1
B140,0,3,6,9,0,10,0,6,4,14,1,10,3,6,11,10,17,16,3,6,13,2,22,3,2,0,15,14,17,0
B141,0,4,7,18,0,3,0,9,6,17,1,8,2,0,4,9,17,15,0,5,8,2,30,0,4,0,10,15,11,0
B142,0,2,7,14,0,5,0,3,7,8,0,3,4,1,5,9,11,19,0,1,12,6,32,3,3,0,6,11,12,0
B143,0,6,3,14,0,9,0,9,6,15,1,8,0,1,4,12,22,13,4,2,15,2,32,3,3,0,6,10,14,0
B144,0,3,4,6,0,8,0,8,12,18,1,7,1,2,5,8,20,15,2,2,12,2,17,3,3,0,8,5,16,0
B145,0,3,6,12,0,7,0,3,6,12,0,7,1,6,7,13,20,17,1,2,10,0,29,1,1,0,3,4,9,0
B146,0,4,7,12,0,8,0,8,6,9,1,5,2,4,2,13,12,21,3,2,7,2,25,1,2,0,8,7,8,1
B147,0,7,5,9,0,5,0,4,10,11,0,6,4,6,4,10,13,28,3,6,14,6,17,2,2,0,7,5,16,0
B148,0,5,2,8,0,4,1,4,8,11,0,6,3,4,6,12,12,20,1,6,10,5,18,4,2,0,9,8,11,0
B149,0,2,4,20,0,5,0,2,6,13,0,3,3,5,3,4,7,16,6,4,9,3,14,3,2,0,12,4,13,1
B150,0,3,4,6,0,8,0,2,4,12,0,5,3,1,6,11,22,22,2,2,9,3,24,1,4,0,9,11,10,0
B151,0,0,0,13,0,5,0,4,8,13,0,6,0,3,11,10,17,14,7,3,13,5,19,1,2,0,11,9,12,1
B152,0,3,5,9,0,6,0,7,8,15,0,2,1,3,5,11,8,23,1,7,10,1,16,1,2,0,12,4,8,0
B153,0,8,4,5,0,8,0,7,9,11,0,8,2,5,3,7,18,24,8,3,15,6,15,0,2,0,8,6,11,0
B154,0,2,3,7,0,6,0,2,8,13,0,5,3,5,5,7,9,15,6,3,13,4,17,2,3,0,12,9,5,0
B155,0,1,5,9,0,6,0,2,6,13,1,7,1,1,4,14,5,22,6,3,13,2,15,0,6,0,7,6,15,1
B156,0,1,2,9,0,2,0,4,4,10,0,6,1,5,7,7,14,23,10,3,10,3,9,3,6,0,13,6,5,0
B157,0,8,3,12,0,6,0,3,3,10,0,1,3,0,8,5,14,19,5,3,6,7,15,0,4,0,8,7,9,0
B158,0,2,2,3,0,4,0,4,11,10,0,7,1,0,7,11,15,31,20,4,12,5,13,1,2,0,12,8,6,0
B159,0,0,2,9,0,4,1,2,12,14,0,1,1,5,3,11,16,22,13,4,11,3,8,0,4,0,6,4,10,0
B160,0,3,3,10,0,4,0,2,4,11,1,2,1,1,1,8,11,26,6,2,10,3,14,1,5,0,7,2,3,0
B161,0,1,6,8,0,1,1,1,11,8,0,5,0,0,4,7,9,25,6,7,10,2,11,1,3,0,17,7,8,0
B162,0,2,9,6,0,6,0,1,10,8,0,6,0,4,1,4,8,36,3,4,10,5,6,1,8,0,19,7,8,1
B163,0,3,8,9,0,3,0,2,11,11,0,6,1,1,2,12,8,29,3,2,7,5,13,0,5,0,15,4,5,1
B164,0,2,8,6,0,5,0,1,11,10,0,6,1,0,5,11,7,26,9,5,8,3,11,1,6,0,13,4,6,0
B165,0,1,5,8,0,1,0,7,10,11,0,4,0,3,6,8,6,23,5,4,8,1,6,3,9,0,12,10,8,0
B166,0,6,3,10,0,1,0,6,14,8,0,1,1,5,4,7,12,33,10,4,10,1,7,1,4,0,9,3,5,1
B167,0,3,7,9,0,3,0,1,11,8,0,3,1,5,2,4,11,40,8,5,5,2,9,0,12,0,5,8,10,0
B168,0,1,8,3,0,3,0,0,10,8,0,2,0,3,6,5,6,39,5,3,13,1,3,1,5,0,9,4,6,0
B169,0,0,4,8,0,2,0,1,15,12,0,10,0,4,5,2,8,34,8,8,12,7,0,1,9,0,5,6,4,1
B170,0,3,7,12,0,3,0,1,19,12,0,5,2,3,5,4,4,34,9,11,12,3,5,1,12,0,4,3,6,0
B171,0,3,6,8,0,1,0,3,8,8,0,1,1,2,7,4,2,39,6,9,7,1,5,0,6,0,5,4,5,0
B172,0,2,6,8,0,4,0,3,5,7,0,3,0,8,8,5,4,33,8,11,4,0,8,2,5,0,1,4,4,1
B173,0,0,3,4,0,2,0,2,20,9,0,4,0,6,6,1,3,24,3,15,6,2,5,0,8,0,3,4,4,1
B174,0,1,11,3,0,1,0,2,14,5,0,4,1,11,10,6,9,42,3,17,4,2,7,1,7,0,4,5,2,0
B175,0,2,6,6,0,3,0,2,10,9,0,5,1,8,7,0,8,33,7,20,6,2,3,0,7,0,3,4,3,0
B176,0,2,6,4,0,1,0,3,9,4,0,2,0,9,4,0,8,34,4,24,7,1,8,0,4,0,3,3,1,2
B177,0,0,5,9,0,0,0,1,13,8,0,1,0,10,6,3,7,34,14,28,13,0,5,1,13,0,7,4,5,1
B178,0,0,7,4,0,4,0,2,14,10,0,5,0,12,5,3,5,52,7,33,9,2,9,1,10,0,1,4,1,0
B179,0,1,11,6,0,0,0,2,11,9,0,2,0,8,10,2,8,39,12,26,6,0,5,0,14,0,3,3,1,0
B180,0,1,2,3,0,3,0,1,10,6,0,3,1,6,5,1,4,42,5,33,8,1,4,0,11,0,0,4,2,1
B181,0,0,4,4,0,3,0,1,10,9,1,2,1,6,6,1,6,38,8,25,4,1,5,0,13,0,1,4,3,0
B182,0,2,5,2,0,0,0,0,11,3,0,2,1,9,7,5,5,47,9,41,5,0,5,0,9,0,0,3,3,0
B183,0,0,2,3,0,1,0,0,9,13,0,1,0,10,4,1,4,53,13,33,4,1,7,0,9,0,2,4,2,0
B184,0,0,8,2,0,1,0,1,11,8,0,0,1,8,9,0,5,38,12,37,7,3,2,0,8,0,0,2,0,1
B185,0,0,4,4,0,0,0,2,7,11,0,1,0,6,8,1,7,48,6,36,10,2,7,0,18,0,1,0,2,1
B186,0,0,3,4,0,0,0,0,11,12,0,2,0,7,2,1,4,50,9,46,13,2,3,1,10,0,2,4,0,1
B187,0,2,4,8,0,1,0,0,8,13,0,2,0,9,8,0,3,56,11,40,6,5,2,1,5,0,2,2,2,0
B188,0,0,3,6,0,0,0,0,13,7,1,3,0,12,5,2,2,53,3,32,5,2,5,0,4,0,3,4,1,0
B189,0,0,8,1,0,1,0,1,14,6,0,3,0,6,5,2,4,47,4,41,8,0,2,1,10,0,0,0,1,1
B190,0,1,2,3,0,1,0,0,5,3,1,2,0,13,7,2,3,58,7,43,4,4,5,1,8,0,1,2,3,1
B191,0,0,4,1,0,0,0,4,8,5,0,2,0,7,2,1,2,44,7,39,5,2,5,1,6,0,0,1,2,0
B192,0,0,6,2,0,0,0,1,4,10,0,1,0,5,7,2,1,42,5,43,7,1,5,1,3,0,1,0,3,1
B193,0,2,7,4,0,0,0,0,3,4,1,1,0,8,12,3,4,49,3,45,7,1,4,0,6,0,0,1,0,0
B194,0,0,4,0,0,1,0,3,7,3,0,1,0,13,8,0,3,37,9,42,4,0,4,0,5,0,1,2,2,0
B195,0,0,1,0,0,0,0,1,6,3,0,0,0,8,8,1,4,37,5,33,2,2,11,0,4,0,0,2,2,3
B196,0,0,2,3,0,0,0,0,1,6,0,3,0,10,5,0,3,44,2,41,6,2,6,1,3,0,2,4,3,0
B197,0,0,3,3,0,2,0,0,2,7,0,1,0,12,7,1,3,31,4,32,5,1,6,0,4,0,3,1,1,2
B198,0,0,3,1,0,1,0,1,2,4,0,1,0,4,7,1,5,36,4,34,3,2,5,2,2,0,2,2,2,0
B199,0,1,2,1,0,0,0,0,6,5,0,0,0,13,5,0,0,30,2,41,4,1,5,1,1,0,0,3,2,0
B200,0,1,2,5,0,0,0,0,4,3,0,1,1,9,9,1,2,29,3,34,8,0,8,0,2,0,3,0,3,1
B201,0,1,0,2,0,0,0,1,5,1,0,2,0,8,8,0,3,31,4,35,3,0,6,1,0,0,2,2,1,2
B202,0,0,2,4,0,0,0,0,2,4,0,3,0,13,8,0,5,27,0,29,4,1,6,0,0,0,2,2,3,1
B203,0,2,2,1,0,2,0,0,4,5,0,0,0,8,6,0,2,29,1,40,4,2,8,0,0,0,0,3,0,2
B204,0,0,2,2,0,0,0,2,3,4,0,0,0,5,9,0,4,25,1,29,2,1,8,0,2,0,1,3,3,1
B205,0,1,1,2,0,0,0,0,7,5,0,3,0,8,5,0,3,34,3,32,3,2,6,0,1,0,3,1,0,1
B206,0,1,1,1,0,0,0,1,6,4,0,0,0,11,5,0,1,23,1,44,3,1,4,0,3,0,1,1,1,1
B207,0,0,0,2,0,0,0,0,7,5,0,0,0,6,2,0,0,21,6,55,5,0,2,0,2,0,2,0,1,4
B208,0,1,3,0,0,2,0,1,2,3,0,2,0,9,4,0,3,17,2,40,1,1,6,0,0,0,1,0,1,0
B209,0,0,3,2,0,0,0,1,7,5,0,4,0,7,12,1,0,23,3,40,3,0,1,0,1,0,0,0,0,2
B210,0,0,4,1,0,0,0,1,3,6,0,1,0,8,8,2,3,16,0,38,4,1,2,0,1,0,0,0,1,2
B211,0,1,1,2,0,0,0,0,4,5,0,0,0,8,6,0,4,22,1,35,4,1,3,0,1,0,1,0,1,0
B212,0,1,2,1,0,0,0,0,3,4,0,0,0,4,13,0,0,20,4,28,5,0,4,0,1,0,0,0,3,1
B213,0,0,2,1,0,0,0,0,4,3,0,1,0,6,9,1,2,19,1,23,4,0,3,0,0,0,2,0,0,1
B214,0,0,2,4,0,0,0,0,1,2,1,6,0,9,9,0,1,24,4,25,4,0,6,0,3,0,0,2,2,1
B215,0,0,0,1,0,0,0,1,2,3,0,0,0,2,6,0,1,14,2,25,1,1,6,0,1,0,0,1,0,0
B216,0,0,0,0,0,0,0,0,7,3,0,2,0,2,6,2,3,14,3,30,6,3,3,0,2,0,2,2,2,2
B217,0,1,2,3,0,1,0,0,5,1,0,0,0,5,8,0,0,14,1,34,3,0,3,0,2,0,0,3,3,0
B218,0,1,1,0,0,0,0,0,1,5,0,3,0,5,6,0,0,17,1,21,2,0,5,0,2,0,2,1,1,0
B219,0,0,3,1,0,1,0,0,7,4,0,1,0,4,5,0,3,18,2,15,2,2,1,0,1,0,1,1,0,1
B220,0,1,2,2,0,1,0,0,5,2,1,2,0,3,9,0,2,24,0,22,3,0,2,0,3,0,0,0,2,2
B221,0,0,1,0,0,2,0,0,7,4,0,0,0,5,6,2,1,18,3,14,8,1,4,0,0,0,0,2,2,2
B222,0,0,1,0,0,0,0,0,3,1,0,3,0,1,3,1,2,21,3,14,4,0,2,0,0,0,0,0,0,0
B223,0,0,1,0,0,0,0,1,5,4,1,1,0,1,3,0,0,23,3,15,6,0,3,0,1,0,0,1,3,1
B224,0,0,0,1,0,1,0,0,1,2,0,3,0,1,4,0,0,17,1,9,5,1,4,0,1,0,0,0,1,3
B225,0,1,0,0,0,0,0,0,1,3,0,0,0,0,5,0,1,19,2,13,1,0,4,0,0,0,0,0,0,0
B226,0,2,1,1,0,0,0,0,2,1,0,0,0,1,7,0,1,13,0,10,3,1,4,0,0,0,0,0,1,2
B227,0,0,0,1,0,1,0,0,5,1,0,2,0,0,7,1,1,18,3,8,7,2,6,0,0,0,0,1,3,0
B228,0,0,0,0,0,2,0,0,3,1,0,1,0,1,4,0,2,17,1,10,3,0,7,0,1,0,0,0,0,0
B229,0,0,1,0,0,1,0,0,1,2,0,1,0,0,7,0,1,14,1,10,4,0,4,0,0,0,0,0,2,2
B230,0,0,2,0,0,4,0,1,2,0,0,2,0,0,12,0,0,20,1,8,4,1,5,0,3,0,0,1,1,0
B231,0,0,1,0,0,2,0,0,3,1,0,3,0,0,5,2,1,16,0,7,3,1,4,0,0,0,1,1,0,1
B232,0,1,0,1,0,0,0,0,2,4,0,2,0,1,10,0,1,13,1,7,6,0,11,1,0,0,1,1,1,1
B233,0,1,1,0,0,1,0,1,4,1,0,1,0,1,8,1,1,11,3,6,3,0,3,1,0,0,2,1,2,1
B234,0,0,0,0,0,0,0,0,2,2,0,4,0,1,4,0,3,11,1,15,4,1,6,1,0,0,0,0,0,1
B235,0,0,0,1,0,1,0,0,2,4,0,4,0,2,1,0,0,14,1,7,3,1,9,0,0,0,0,1,1,2
B236,0,0,0,1,0,0,0,0,4,3,1,0,0,0,3,0,0,10,0,4,9,0,5,0,0,0,0,3,0,1
B237,0,1,0,0,0,0,0,0,3,0,0,2,0,0,6,0,0,12,0,10,6,0,6,1,0,0,0,1,2,0
B238,0,2,0,0,0,0,0,0,2,0,1,0,0,0,5,1,2,15,1,7,4,0,3,0,1,0,0,1,3,0
B239,0,0,0,0,0,0,0,1,3,0,0,0,0,0,6,0,1,15,1,5,5,1,3,0,0,0,0,0,1,2
B240,0,0,1,0,0,1,0,0,3,1,1,3,0,0,5,0,1,15,0,4,3,1,3,0,0,0,1,1,1,3
B241,0,0,0,0,0,1,0,0,4,2,0,3,0,1,4,0,1,9,2,5,5,0,3,0,1,0,0,4,2,1
B242,0,1,4,0,0,1,0,1,2,2,0,1,0,0,2,0,0,8,1,3,2,0,4,0,0,0,0,1,1,3
B243,0,0,0,0,0,3,0,0,3,1,0,2,0,0,3,0,0,10,0,12,5,0,3,1,0,0,0,1,2,0
B244,0,0,3,0,0,1,0,0,1,0,0,1,0,0,3,0,1,6,0,4,7,1,7,0,0,0,0,0,2,0
B245,0,1,2,0,0,0,0,0,1,1,0,1,0,0,3,1,2,8,1,5,6,2,3,0,0,0,0,2,0,1
B246,0,1,1,0,0,0,0,0,1,1,0,2,0,0,2,0,3,10,0,3,8,0,7,0,0,0,0,0,0,1
B247,0,0,0,0,0,2,0,0,6,1,0,3,0,0,3,0,1,8,2,4,2,1,9,0,0,0,0,1,2,0
B248,0,0,0,0,0,0,0,0,4,2,1,2,0,0,8,0,3,16,0,9,8,3,7,0,0,0,0,0,1,0
B249,0,1,1,0,0,1,0,1,4,3,1,4,0,2,2,0,2,11,0,7,2,0,3,0,0,0,0,0,1,1
B250,0,0,2,0,0,0,0,0,6,2,0,10,0,0,13,0,2,25,1,6,9,1,13,0,0,0,2,0,2,2
B251,0,0,0,0,0,0,0,0,8,2,1,6,0,0,3,1,2,21,0,5,4,3,10,0,0,0,2,1,0,1
B252,0,0,0,0,0,0,0,0,5,0,1,19,0,0,3,0,1,14,0,1,2,1,13,1,0,0,0,1,1,2
B253,0,2,0,1,0,0,0,0,10,2,0,16,0,1,11,1,1,17,0,4,10,0,15,2,0,0,1,1,1,0
B254,0,0,1,0,0,0,0,0,6,0,0,17,0,0,1,0,3,9,0,1,3,3,6,0,0,0,0,1,0,0
B255,0,1,3,0,0,0,0,0,43,6,1,69,0,0,28,3,4,39,4,8,23,9,49,2,0,0,0,3,1,5
G0,0,0,0,6,0,0,0,0,0,3,0,0,0,0,0,0,0,0,0,0,0,0,7,0,0,0,0,0,0,0
G1,0,0,0,4,0,0,0,0,0,3,0,0,0,0,0,2,3,0,0,0,0,0,3,0,0,0,0,0,0,0
G2,0,0,0,10,0,0,0,0,0,2,0,0,0,0,0,1,2,0,0,0,0,0,1,0,0,0,0,0,0,0
G3,0,0,0,6,0,0,0,0,0,4,1,0,0,0,0,4,6,0,0,0,0,0,2,0,0,0,0,0,0,0
G4,0,0,0,6,0,0,0,0,0,6,0,0,0,0,0,6,5,0,0,0,0,0,3,0,0,0,0,0,0,0
G5,0,0,0,10,0,0,0,0,0,11,0,0,0,0,0,3,6,0,0,0,0,0,5,0,0,0,0,0,0,0
G6,0,0,0,5,0,0,0,0,0,22,0,0,0,0,0,14,7,0,0,0,0,0,5,0,0,0,0,0,0,0
G7,0,0,0,8,0,0,0,0,0,18,0,0,0,0,0,19,16,0,0,0,0,0,8,0,0,0,0,0,0,0
G8,0,0,0,9,0,0,0,0,0,26,1,0,0,0,0,23,18,0,0,0,0,0,8,0,0,0,0,0,0,0
G9,0,0,1,10,0,0,0,0,0,38,2,0,0,0,0,26,15,0,0,0,0,0,16,0,0,0,0,0,0,0
G10,0,0,0,10,0,0,0,0,0,54,0,0,0,0,0,43,28,0,0,0,0,0,7,0,0,0,0,0,0,0
G11,0,0,0,9,0,0,0,0,0,68,1,0,0,0,0,47,25,0,0,0,0,0,17,0,0,0,0,0,0,0
G12,0,0,1,7,0,0,0,0,0,74,2,0,0,0,0,54,41,0,0,0,0,0,9,0,0,0,0,0,0,0
G13,0,0,0,16,0,0,0,0,0,70,0,0,0,0,0,43,35,0,0,0,0,1,14,0,0,0,0,0,0,0
G14,0,0,0,17,0,0,0,0,0,64,3,0,0,0,0,45,33,0,0,0,0,0,29,0,0,0,0,0,0,0
G15,0,0,0,8,0,0,0,0,0,57,1,0,0,0,0,29,53,0,0,0,0,0,20,0,0,0,0,0,0,0
G16,0,0,0,14,0,0,0,0,0,68,1,0,0,0,0,34,40,0,0,0,0,0,17,0,0,0,0,0,0,0
G17,0,0,0,15,0,0,0,0,0,59,0,0,0,0,0,34,49,0,0,0,0,1,6,0,0,0,0,0,0,0
G18,0,0,1,12,0,0,0,0,0,62,3,0,0,0,0,35,54,0,0,0,0,0,14,0,0,0,0,0,0,0
G19,0,0,2,14,0,0,0,0,0,50,0,0,0,0,0,29,48,0,0,0,0,0,12,0,0,0,0,0,0,0
G20,0,0,2,25,0,0,0,0,0,49,2,0,0,0,0,34,54,0,0,0,0,0,14,0,0,0,0,0,0,0
G21,0,0,0,13,0,0,0,0,0,40,2,0,0,0,0,29,52,0,0,0,0,0,12,0,0,0,0,0,0,0
G22,0,0,0,20,0,0,0,0,0,43,2,0,0,0,0,31,50,0,0,0,0,0,9,0,0,0,0,0,0,0
G23,0,0,0,14,0,0,0,0,0,39,2,0,0,0,0,28,51,0,0,0,0,0,8,0,0,0,0,0,0,0
G24,0,0,1,5,0,0,0,0,0,33,4,0,0,0,0,27,33,0,0,0,0,0,5,0,0,0,0,0,0,0
G25,0,0,0,12,0,0,0,0,0,28,0,0,0,0,0,24,41,0,0,0,0,0,10,0,0,0,0,0,0,0
G26,0,0,1,21,0,0,0,0,0,36,5,0,0,0,0,17,21,0,0,0,0,0,11,0,0,0,0,0,0,0
G27,0,0,1,13,0,0,0,0,0,36,5,0,0,0,0,20,21,0,0,0,0,0,3,0,0,0,0,0,0,0
G28,0,0,0,8,0,0,0,0,0,24,5,0,0,0,0,17,23,0,0,0,0,0,9,0,0,0,0,0,0,0
G29,0,0,2,7,0,0,0,0,0,29,3,0,0,0,0,23,32,0,0,0,0,0,5,0,0,0,0,0,0,0
G30,0,0,0,14,0,0,0,0,0,27,2,0,0,0,0,17,16,0,0,0,0,1,6,0,0,0,0,0,0,0
G31,0,0,0,10,0,0,0,0,0,27,4,0,0,0,0,18,23,0,0,0,1,0,4,0,0,0,0,0,0,0
G32,0,0,0,12,0,0,0,0,0,35,3,0,0,0,0,18,22,0,0,0,0,0,5,0,0,0,0,0,0,0
G33,0,0,2,11,0,0,0,0,0,30,3,0,0,0,0,20,16,0,0,0,0,0,5,0,0,0,0,0,0,0
G34,0,0,0,14,0,0,0,0,0,24,6,0,0,0,0,25,24,0,0,0,0,0,9,0,0,0,0,0,0,0
G35,0,0,0,19,0,0,0,0,0,14,8,0,0,0,0,15,11,0,0,0,0,0,4,0,0,0,0,0,0,0
G36,0,0,0,9,0,0,0,0,0,24,5,0,0,0,0,17,13,0,0,0,0,0,5,0,0,0,0,0,0,0
G37,0,0,1,14,0,0,0,0,0,23,7,0,0,0,0,19,19,0,0,0,0,1,4,0,0,0,0,0,0,0
G38,0,0,0,11,0,0,0,0,0,24,3,0,0,0,0,10,13,0,0,0,0,0,6,0,0,0,0,0,0,0
G39,0,0,1,13,0,0,0,0,0,15,10,0,0,0,0,13,12,0,0,0,0,1,7,0,0,0,0,0,0,0
G40,0,0,0,8,0,0,0,0,0,11,5,0,0,0,0,13,8,0,0,0,0,1,9,0,0,0,0,0,0,0
G41,0,0,1,13,0,0,0,0,0,28,8,0,0,0,0,8,11,0,0,0,0,0,5,0,0,0,0,0,0,0
G42,0,0,2,10,0,0,0,0,0,23,10,0,0,0,0,13,8,0,0,0,0,0,5,0,0,0,0,0,0,0
G43,0,0,1,16,0,0,0,0,0,15,5,0,0,0,0,12,8,0,0,0,0,0,9,0,0,0,0,0,0,0
G44,0,0,1,12,0,0,0,0,0,19,8,0,0,0,0,12,14,0,0,0,0,0,5,0,0,0,0,0,1,0
G45,0,0,1,14,0,0,0,0,0,19,9,0,0,0,0,11,9,0,0,0,0,1,7,0,0,0,0,0,0,0
G46,0,0,0,3,0,0,0,0,0,24,1,0,0,0,0,15,11,0,0,0,0,0,4,0,0,0,0,0,0,0
G47,0,0,0,8,0,0,0,0,0,26,1,0,0,0,0,10,10,0,0,0,0,0,6,0,0,0,0,0,0,0
G48,0,0,0,9,0,0,0,0,0,20,5,0,0,0,0,14,13,0,0,0,0,1,4,0,0,0,0,0,0,0
G49,0,0,2,8,0,0,0,0,0,19,5,0,0,0,0,16,13,0,0,0,0,0,5,0,0,0,0,0,0,0
G50,0,0,0,9,0,0,0,0,0,30,6,0,0,0,0,6,7,0,0,0,0,0,5,0,0,0,0,0,1,0
G51,0,0,0,9,0,0,0,0,0,23,6,0,0,0,0,11,10,0,0,0,0,0,3,0,0,0,0,0,0,0
G52,0,0,0,14,0,0,0,0,0,26,4,0,0,0,0,12,10,0,0,0,0,1,3,0,0,0,0,0,1,0
G53,0,0,0,9,0,0,0,0,0,22,5,0,0,0,0,6,11,0,0,0,0,0,3,0,0,0,0,0,1,0
G54,0,0,1,11,0,0,0,0,0,30,4,0,0,0,0,13,7,0,0,0,0,1,7,0,0,0,0,0,3,0
G55,0,0,1,18,0,0,0,0,0,17,7,0,0,0,0,9,11,0,0,0,0,0,1,0,0,0,0,0,4,0
G56,0,0,0,11,0,0,0,0,0,25,8,0,0,0,0,8,11,0,0,0,0,1,5,0,0,0,0,1,1,0
G57,0,0,1,17,0,0,0,0,0,14,10,0,0,0,0,11,13,0,0,0,0,2,3,0,0,0,0,1,2,0
G58,0,0,0,9,0,0,0,0,0,24,5,0,0,0,0,9,13,0,0,0,0,1,4,0,0,0,0,1,3,0
G59,0,0,0,10,0,0,0,0,0,20,6,0,0,0,0,10,6,0,0,0,0,0,6,0,0,0,0,1,3,0
G60,0,0,2,13,0,0,0,0,0,25,4,0,0,0,0,17,7,0,0,0,0,2,2,0,0,0,0,1,5,0
G61,0,0,2,8,0,0,0,0,0,29,6,0,0,0,0,13,12,0,1,0,0,0,3,0,0,0,0,0,4,0
G62,0,0,0,12,0,0,0,0,0,31,7,0,0,0,0,13,11,1,0,0,0,1,6,0,0,0,0,0,0,0
G63,0,0,0,10,0,0,0,0,0,18,3,0,0,0,0,11,7,0,0,0,0,0,2,0,0,0,0,0,7,0
G64,0,0,1,16,0,0,0,0,0,26,5,0,0,0,0,7,12,0,0,0,0,0,5,0,0,0,0,0,4,0
G65,0,0,2,11,0,0,0,0,0,29,4,0,0,0,0,8,11,0,0,0,0,1,8,0,1,0,0,0,6,0
G66,0,0,2,14,0,0,0,0,0,19,5,0,0,0,0,14,6,0,1,0,1,1,3,1,0,0,0,1,8,0
G67,0,0,0,15,0,0,0,0,0,18,6,0,0,0,0,6,8,1,0,0,1,0,3,1,1,0,0,1,6,0
G68,0,0,1,12,0,0,0,0,0,20,12,0,0,0,0,13,10,0,1,1,0,0,2,0,0,0,0,1,7,0
G69,0,0,0,6,0,0,0,0,0,15,7,0,0,0,0,9,13,1,0,0,2,2,6,1,0,0,0,1,11,0
G70,0,0,1,12,0,0,0,0,0,20,5,0,0,0,0,7,14,0,0,0,1,1,5,0,0,0,0,0,7,0
G71,0,0,1,10,0,0,0,0,0,30,5,0,0,0,0,8,6,1,0,0,3,0,6,0,2,0,0,0,22,0
G72,0,0,0,6,0,0,0,0,0,27,7,0,0,0,0,7,20,1,1,1,3,1,6,1,3,0,0,1,10,0
G73,0,0,0,11,0,0,0,0,0,22,5,0,0,0,0,13,13,2,1,0,1,3,7,1,1,0,0,1,19,0
G74,0,0,0,5,0,0,0,0,0,16,3,0,0,0,0,10,12,1,0,0,2,2,7,0,0,0,0,0,15,0
G75,0,0,0,13,0,0,0,0,0,17,6,0,0,0,0,7,9,0,0,1,2,3,7,0,1,0,0,1,16,0
G76,0,0,1,9,0,0,0,0,0,20,4,0,0,0,0,12,12,1,0,2,9,2,9,2,1,0,0,0,21,0
G77,0,0,3,11,0,0,0,0,0,24,5,0,0,0,0,14,13,1,1,1,5,0,12,3,1,0,0,0,21,0
G78,0,0,1,8,0,0,0,0,0,28,7,0,0,0,0,10,13,2,0,0,10,3,8,1,1,0,0,0,21,0
G79,0,0,1,11,0,0,0,0,0,25,2,0,0,0,0,17,15,4,0,0,8,2,10,3,0,0,0,0,25,0
G80,0,0,0,5,0,0,0,0,0,25,3,0,0,0,0,18,15,1,2,0,9,3,8,2,1,0,0,1,25,0
G81,0,0,2,17,0,0,0,0,0,29,3,0,0,0,0,8,11,1,0,1,7,4,8,1,2,0,0,0,27,1
G82,0,0,0,11,0,0,0,0,0,24,6,0,3,0,0,15,11,0,0,0,15,6,11,2,0,0,0,2,22,0
G83,0,0,0,4,0,0,0,0,0,32,9,0,0,0,0,17,16,3,0,1,12,2,13,3,2,0,0,1,30,0
G84,0,0,0,12,0,0,0,0,0,19,8,0,0,0,0,17,13,4,2,1,11,4,6,1,1,0,0,1,31,0
G85,0,0,1,13,0,0,0,0,0,18,4,0,1,0,0,15,19,5,2,2,16,5,10,3,1,0,0,2,31,0
G86,0,0,0,12,0,0,0,0,0,21,4,0,1,0,0,21,17,5,1,1,20,5,9,2,4,0,0,2,29,0
G87,0,0,1,9,0,0,0,0,0,27,12,0,2,0,0,20,17,9,1,2,22,3,10,2,2,0,0,0,33,0
G88,0,0,0,13,0,0,0,0,0,25,4,0,2,0,0,11,21,4,0,0,25,5,17,2,5,0,0,3,40,1
G89,0,0,1,14,0,0,0,0,0,35,3,0,0,0,0,17,16,3,1,4,23,4,14,5,8,0,0,1,36,0
G90,0,0,1,13,0,0,0,0,0,29,7,0,2,0,0,23,19,7,6,0,18,9,15,4,7,0,0,3,27,0
G91,0,0,0,10,0,0,0,0,0,30,1,0,0,0,0,17,18,11,1,1,26,3,18,7,21,0,0,3,36,0
G92,0,0,1,12,0,0,0,0,0,26,4,0,1,0,0,19,24,8,4,4,33,6,18,14,38,0,0,2,45,1
G93,0,0,0,7,0,0,0,0,0,29,6,0,1,0,0,13,22,14,2,1,28,4,22,19,28,0,0,5,39,0
G94,0,0,1,9,0,0,0,0,0,33,5,0,4,0,0,22,20,7,3,3,20,4,15,38,45,0,0,2,29,0
G95,0,0,0,20,0,0,0,0,0,42,4,0,3,1,0,18,30,14,1,2,27,5,23,49,70,0,0,1,37,1
G96,0,0,0,14,0,0,0,0,0,29,1,0,7,1,0,19,15,7,1,3,29,4,26,93,78,1,0,1,44,2
G97,0,0,0,18,0,0,0,0,0,26,8,0,6,0,1,16,28,14,3,3,25,3,31,173,105,0,0,3,41,5
G98,0,0,2,16,0,0,0,0,0,30,3,0,3,2,0,14,22,13,8,5,29,3,33,226,135,1,0,0,37,2
G99,0,0,1,14,0,0,0,0,0,34,7,0,7,2,0,17,19,15,7,5,24,8,46,317,188,2,0,1,41,2
G100,0,0,0,12,0,0,0,0,0,33,4,1,14,1,0,16,25,13,13,4,25,6,46,401,187,2,0,3,40,1
G101,0,0,1,5,0,0,0,0,0,35,6,0,17,3,0,10,19,25,28,5,24,7,50,446,248,0,0,1,31,3
G102,0,0,0,10,0,0,0,0,0,44,2,0,35,4,0,13,19,38,39,0,39,5,82,556,288,0,0,2,47,0
G103,0,0,0,7,0,0,2,0,0,35,5,3,75,6,0,14,23,58,100,7,35,4,91,546,276,7,0,3,38,2
G104,0,0,0,13,0,0,3,0,0,40,6,1,109,7,0,10,17,69,183,10,25,6,112,535,377,11,0,0,40,8
G105,0,0,2,8,0,0,9,0,0,28,1,0,208,18,1,15,26,110,326,8,27,8,146,549,468,22,0,1,49,4
G106,0,0,1,16,0,0,19,1,1,31,4,2,363,41,0,13,27,134,524,12,19,6,155,577,591,44,0,3,44,21
G107,0,0,0,15,0,0,27,0,0,44,5,1,451,54,1,18,30,180,690,17,24,6,173,627,693,90,0,6,41,45
G108,0,0,1,9,0,0,44,0,0,41,2,0,552,76,0,13,21,179,751,22,12,3,188,624,676,122,0,3,43,66
G109,0,0,1,13,0,0,64,1,1,34,3,2,629,108,1,13,29,207,900,33,19,7,202,506,683,173,1,7,63,96
G110,0,0,0,7,0,0,106,0,0,40,6,5,694,130,1,13,30,187,761,60,23,8,181,415,609,243,1,0,72,164
G111,0,0,1,8,0,0,172,0,0,32,4,1,702,118,0,8,34,215,764,81,15,5,168,291,464,265,2,7,67,246
G112,0,0,0,9,0,0,168,0,1,22,6,2,668,149,1,10,47,188,657,107,25,4,161,237,359,395,3,4,83,297
G113,0,0,1,23,0,0,209,1,1,32,4,4,704,162,0,14,66,182,516,152,21,15,175,155,254,440,10,6,146,355
G114,0,0,1,13,0,0,269,0,2,37,4,4,627,217,1,18,75,153,373,170,21,10,165,110,223,502,9,5,144,450
G115,0,0,0,14,0,0,260,0,1,30,9,4,513,224,1,9,105,127,372,175,16,12,163,83,133,560,13,4,154,409
G116,0,0,0,9,0,0,264,0,3,29,6,3,458,194,2,22,109,92,226,209,10,15,162,45,97,572,21,5,186,396
G117,0,0,0,14,0,0,240,1,6,35,3,7,286,205,1,12,140,78,120,222,19,14,157,17,69,496,35,8,201,374
G118,0,0,0,16,0,0,265,0,5,39,4,7,150,200,2,17,216,62,64,213,19,17,158,8,32,562,39,4,256,374
G119,0,0,1,14,0,0,240,4,2,35,3,1,69,231,3,10,245,46,33,222,13,11,152,3,13,561,50,8,229,332
G120,0,0,1,10,0,0,272,3,2,32,3,9,49,271,3,14,251,26,11,290,19,19,115,3,8,538,80,5,242,389
G121,0,0,0,12,0,0,267,7,1,26,9,10,23,303,7,14,279,30,6,259,16,16,106,4,5,495,79,8,239,402
G122,2,0,0,14,0,0,296,7,2,28,8,13,5,313,2,17,312,20,4,260,20,14,93,3,1,421,88,5,210,327
G123,0,0,2,10,0,0,234,4,3,32,9,13,2,308,11,14,279,33,2,242,23,25,84,2,5,322,100,23,216,333
G124,1,0,0,18,0,0,236,9,4,42,23,25,3,321,13,15,265,20,2,214,25,51,67,2,0,232,106,12,222,276
G125,2,0,3,14,0,0,250,20,10,34,33,37,2,365,23,23,276,27,1,224,17,44,32,3,0,193,85,13,227,331
G126,4,0,0,15,0,0,273,28,9,35,35,33,2,362,31,30,271,30,1,189,20,62,31,2,1,153,88,18,199,289
G127,8,0,0,10,0,0,299,26,19,40,68,45,1,372,53,33,256,34,1,207,29,94,39,6,2,117,111,28,225,325
G128,9,0,2,13,0,1,341,38,25,33,82,45,2,360,84,46,203,27,2,191,22,114,41,5,2,104,122,32,223,310
G129,19,1,2,13,0,0,280,44,23,25,109,66,1,340,92,81,170,23,0,180,27,121,25,1,1,81,113,25,210,292
G130,24,0,1,17,0,0,272,59,39,38,138,58,0,278,158,107,116,16,4,139,27,180,28,0,1,44,101,44,181,269
G131,32,0,2,12,0,0,303,69,63,18,157,101,2,214,191,144,95,17,1,127,30,172,35,4,1,33,114,50,188,186
G132,60,0,2,18,0,0,292,93,80,37,159,136,0,166,251,220,64,12,1,142,18,211,31,1,0,22,108,73,134,167
G133,88,0,1,7,0,0,313,130,118,26,201,124,0,148,319,278,52,12,0,140,16,255,30,3,1,10,131,103,145,109
G134,119,3,1,18,0,2,336,166,186,23,215,126,1,119,421,403,33,17,0,144,26,267,44,3,2,4,124,146,131,76
G135,202,2,0,18,0,0,341,184,209,21,256,147,0,91,418,471,18,11,1,123,23,287,37,4,2,4,155,187,118,76
G136,280,1,1,7,0,2,311,212,259,42,218,149,3,82,489,453,21,19,1,146,27,278,39,4,2,4,178,224,84,40
G137,408,5,3,20,0,2,227,241,191,48,195,127,0,58,464,432,12,16,1,125,37,256,28,4,2,3,176,215,71,24
G138,562,15,0,12,0,0,176,231,199,39,185,148,0,32,373,391,19,23,0,123,44,222,32,2,2,3,164,227,67,9
G139,826,12,3,22,0,1,106,228,195,66,222,134,1,14,323,324,18,18,0,114,51,237,42,3,2,2,157,253,51,6
G140,981,33,0,14,0,1,80,264,200,65,251,138,2,7,302,296,19,16,0,129,69,223,38,2,0,4,171,305,42,0
G141,1122,81,1,14,0,2,58,372,223,71,297,119,1,8,275,266,18,25,0,97,93,239,39,1,1,1,184,297,41,0
G142,1015,106,3,19,0,4,42,380,219,82,271,125,2,1,254,235,11,14,0,88,106,295,31,5,1,1,198,348,46,1
G143,845,140,2,16,0,4,7,367,236,77,267,115,3,1,233,194,14,20,2,78,136,277,38,4,2,1,161,336,33,0
G144,595,205,4,18,0,3,11,348,217,118,258,128,1,0,245,183,12,22,0,38,163,340,21,3,0,0,179,349,33,1
G145,340,276,2,16,1,8,1,361,242,107,273,157,0,1,200,135,10,18,0,28,210,325,46,6,0,2,190,358,23,1
G146,225,330,1,19,3,4,0,353,270,130,304,179,2,1,158,116,11,25,1,19,284,345,28,3,0,2,187,343,32,0
G147,115,373,4,26,4,8,0,365,289,120,366,206,1,1,167,102,18,16,1,9,335,335,34,3,0,0,205,379,23,1
G148,61,429,9,39,7,11,0,322,253,130,391,242,2,2,149,82,15,24,1,8,426,314,37,3,1,1,171,320,21,0
G149,38,407,8,44,24,12,0,287,238,128,344,207,0,2,106,58,12,22,2,9,397,250,40,2,0,3,148,254,24,0
G150,13,346,16,46,47,11,0,265,211,107,280,235,1,1,77,35,21,21,0,4,371,173,38,6,2,3,145,222,25,0
G151,3,324,28,56,83,18,0,204,183,95,261,212,1,3,56,27,21,25,1,1,315,117,31,7,0,1,95,167,21,1
G152,1,319,41,93,138,9,0,190,164,74,216,264,1,2,35,16,20,19,2,2,240,108,30,2,2,0,85,94,21,0
G153,0,305,55,121,196,25,0,162,147,65,173,258,0,2,26,13,17,27,1,2,160,79,51,3,1,2,49,102,20,1
G154,0,366,75,133,242,35,0,123,124,62,149,276,1,0,24,17,19,24,0,2,125,66,28,0,0,0,56,77,33,0
G155,0,369,80,131,344,32,0,92,123,41,139,295,0,2,22,23,16,25,1,5,89,43,40,3,2,1,50,64,30,0
G156,0,335,104,125,317,48,0,71,75,40,92,264,1,1,18,10,19,28,0,4,62,39,35,2,3,0,48,55,21,0
G157,0,351,124,107,319,75,0,41,71,39,71,225,1,0,27,18,16,20,1,5,51,39,33,3,0,1,33,58,28,0
G158,0,276,147,119,370,131,0,23,48,23,41,205,1,0,20,15,27,30,0,5,44,33,41,3,2,0,44,29,27,0
G159,0,240,189,111,378,197,0,14,59,20,20,162,0,1,20,16,25,34,0,2,30,31,35,0,0,1,42,47,30,1
G160,0,246,198,145,415,329,0,4,38,30,11,144,1,1,27,16,16,38,1,4,21,23,41,3,0,3,42,32,23,1
G161,0,211,249,130,489,382,0,2,37,26,3,117,0,1,40,10,11,33,1,6,21,22,34,0,1,2,32,31,21,1
G162,0,180,265,164,563,468,0,2,42,44,6,80,0,2,31,17,21,34,0,3,26,27,29,2,2,3,31,34,32,0
G163,0,156,287,160,612,512,0,1,32,38,4,57,2,2,22,9,32,37,2,8,40,25,51,2,0,0,29,29,25,0
G164,0,116,312,194,588,552,0,4,52,21,3,42,0,2,33,14,33,34,0,3,24,24,39,4,1,1,28,35,29,0
G165,0,96,367,235,594,546,0,5,45,29,5,32,1,1,24,20,34,42,2,3,16,25,36,1,2,2,24,37,21,0
G166,0,75,462,273,568,511,1,3,43,25,7,37,1,2,27,15,32,47,2,6,22,25,38,0,0,2,33,32,27,0
G167,0,69,493,334,491,410,0,4,44,27,3,30,0,1,17,13,30,40,1,4,21,22,36,2,0,1,26,41,16,0
G168,0,44,508,358,416,309,0,1,54,17,2,32,1,4,23,17,39,55,1,1,25,15,39,5,1,2,26,33,26,0
G169,0,41,534,323,269,257,0,4,50,27,3,30,2,3,17,10,38,47,0,5,32,23,45,3,1,1,44,32,13,0
G170,0,35,430,345,190,120,0,4,42,38,3,36,0,5,15,10,37,48,0,5,29,20,38,4,1,3,27,40,23,1
G171,0,30,351,351,135,98,0,4,45,27,3,40,0,1,20,9,29,50,1,3,31,20,47,3,2,6,54,32,22,1
G172,0,31,330,386,73,55,0,3,41,19,4,40,1,4,19,17,28,54,1,5,35,20,55,5,2,4,43,27,28,0
G173,0,23,324,347,54,47,0,4,48,27,8,32,1,1,23,17,23,48,0,3,38,28,63,1,4,3,46,43,20,0
G174,0,24,262,316,35,47,0,9,39,26,6,39,4,2,20,18,32,39,0,4,36,25,57,3,1,4,53,35,15,0
G175,0,23,219,283,23,48,0,8,39,36,2,48,2,3,17,12,37,47,0,4,41,17,43,1,1,6,65,31,21,0
G176,0,18,148,214,8,51,1,6,35,36,3,36,1,1,24,4,46,55,1,0,39,9,55,2,5,6,55,20,18,0
G177,0,31,78,130,2,74,0,7,36,16,6,27,1,2,24,11,27,37,0,4,30,21,42,1,3,4,64,35,26,0
G178,0,26,46,74,1,66,0,11,41,25,5,33,1,2,22,8,33,34,1,5,33,17,42,3,1,9,73,36,15,1
G179,0,36,30,34,1,81,0,14,46,20,6,41,1,3,18,14,29,33,1,1,52,17,42,2,2,5,67,31,16,2
G180,0,33,20,16,0,77,0,7,35,22,4,31,1,8,23,21,22,26,1,2,39,15,52,2,5,8,70,29,21,0
G181,0,31,14,17,0,63,0,17,47,31,5,26,7,8,17,22,32,35,1,2,46,20,46,4,3,1,59,35,13,1
G182,0,30,17,19,0,62,0,14,50,32,9,32,1,6,22,8,35,30,0,2,33,16,46,7,6,7,68,38,21,1
G183,0,38,18,15,0,64,0,23,30,32,7,39,5,9,18,7,24,30,0,4,36,10,46,2,7,9,54,39,22,0
G184,0,32,17,6,0,75,0,25,39,19,8,29,9,13,24,10,29,17,1,6,43,14,46,0,7,4,55,40,20,1
G185,0,30,15,11,0,94,0,23,29,29,4,29,5,14,19,10,22,37,2,9,46,18,46,3,2,3,54,46,13,0
G186,0,31,17,12,0,66,0,32,33,26,3,32,3,9,21,8,29,30,0,3,41,13,35,2,4,1,50,31,13,0
G187,0,31,12,14,0,70,0,28,46,29,6,25,2,16,8,9,25,22,1,2,59,19,38,1,6,2,33,35,16,0
G188,0,26,15,4,0,77,0,38,38,30,4,37,6,16,18,10,14,28,1,2,62,14,34,4,1,7,27,32,9,0
G189,0,21,22,11,0,61,0,47,28,40,6,41,2,14,21,15,25,27,1,2,55,15,31,2,4,2,46,30,17,0
G190,0,30,12,8,0,61,0,36,24,35,3,33,7,16,23,5,24,28,3,5,62,9,59,5,2,3,44,28,16,1
G191,0,18,20,7,0,77,2,48,30,26,8,30,11,28,15,16,20,32,0,1,59,10,38,4,4,1,42,31,21,0
G192,0,17,19,6,0,73,0,51,26,28,9,28,7,26,21,16,14,27,2,2,45,15,31,3,3,1,33,34,11,1
G193,0,14,18,10,0,67,1,50,32,27,7,22,12,27,22,16,15,29,2,3,41,9,33,3,4,1,35,22,12,0
G194,0,22,22,9,0,61,0,59,32,28,5,29,12,27,18,12,25,29,3,2,43,11,41,3,3,1,30,31,17,0
G195,0,15,20,6,0,71,0,50,31,27,6,30,8,38,18,11,25,21,3,6,38,16,33,3,5,1,28,37,7,1
G196,0,10,13,8,0,68,0,48,30,24,7,18,21,26,27,8,14,26,2,5,45,15,38,4,4,0,28,29,17,1
G197,0,17,14,10,0,68,0,60,28,28,7,19,9,32,30,9,26,27,4,8,45,14,28,3,5,0,39,28,13,0
G198,0,16,19,8,0,60,0,47,22,27,11,34,10,33,20,15,17,27,6,5,38,9,30,3,7,0,29,35,14,0
G199,0,8,21,6,0,65,0,66,32,23,7,27,13,36,14,5,23,32,7,3,24,13,25,3,5,1,27,16,18,2
G200,0,17,16,5,0,56,0,49,30,26,13,22,7,27,15,11,21,25,7,4,41,15,24,2,2,0,28,30,13,0
G201,0,15,21,8,0,37,0,35,28,32,12,23,8,35,16,10,18,27,3,5,28,10,21,1,4,0,24,24,20,0
G202,0,18,19,6,0,56,0,49,36,27,5,22,19,29,15,8,10,34,16,4,32,7,31,1,4,0,31,22,9,1
G203,0,16,21,4,0,42,0,29,33,26,13,23,21,39,20,8,12,25,11,3,25,15,25,4,5,0,17,21,12,0
G204,0,13,23,2,0,42,0,42,21,25,4,20,11,27,17,5,11,39,8,2,20,11,34,2,7,0,23,12,16,1
G205,0,12,18,5,0,35,0,34,20,19,10,22,12,23,24,12,12,31,12,7,28,12,17,2,9,0,32,18,13,1
G206,0,10,20,5,0,29,0,30,25,26,15,16,15,12,18,13,21,33,14,3,26,10,21,3,13,0,28,19,14,0
G207,0,17,20,1,0,33,0,18,23,25,12,13,13,20,19,4,15,34,11,3,23,16,29,4,3,0,38,18,12,0
G208,0,23,26,3,0,35,0,31,31,22,9,15,17,18,21,8,15,25,6,5,25,17,15,1,7,0,26,16,7,0
G209,0,12,25,4,0,37,0,20,25,24,8,30,15,14,13,4,6,42,14,6,20,18,9,0,8,0,21,18,11,0
G210,0,14,20,1,0,31,0,22,23,15,8,14,10,10,16,9,9,35,8,4,21,10,4,0,14,0,27,21,10,0
G211,0,11,23,4,0,33,0,26,33,22,11,25,13,14,20,8,10,33,12,8,20,16,22,6,9,0,18,19,14,0
G212,0,16,21,3,0,26,0,15,28,19,9,15,12,17,18,4,6,39,6,4,18,16,11,0,7,0,24,18,11,2
G213,0,9,24,2,0,27,0,15,26,16,12,19,10,11,10,3,9,40,12,9,24,16,11,1,8,0,20,10,8,1
G214,0,15,27,3,0,32,0,13,28,25,12,11,13,9,15,2,10,42,15,13,20,9,24,2,11,0,33,11,9,1
G215,0,13,24,3,0,23,0,13,30,17,17,13,7,10,14,8,9,38,4,14,18,9,13,0,8,0,31,23,15,0
G216,0,13,22,1,0,23,0,15,23,13,24,16,3,13,13,4,13,38,11,10,21,10,8,0,15,0,22,20,8,0
G217,0,7,12,2,0,21,0,8,29,12,13,21,10,9,15,7,6,42,9,13,20,11,13,2,14,0,23,18,7,1
G218,0,7,15,3,0,22,0,12,35,16,16,14,8,12,9,4,13,35,10,12,23,9,10,0,22,0,19,13,9,2
G219,0,10,28,2,0,36,2,11,32,18,15,18,4,9,13,8,9,40,6,24,23,9,9,1,8,0,23,18,11,0
G220,0,3,15,3,0,20,0,15,26,17,13,10,9,9,15,4,6,32,5,22,12,9,11,0,16,0,31,19,5,2
G221,0,14,21,1,0,20,1,8,18,14,7,13,8,8,14,3,7,30,12,26,19,6,5,2,14,0,27,12,6,2
G222,0,11,16,0,0,15,0,13,21,33,12,17,5,7,13,0,7,44,9,26,23,3,10,1,12,0,26,11,3,1
G223,0,3,7,3,0,21,0,10,26,22,11,7,6,13,8,3,10,46,11,25,14,9,9,0,10,0,26,8,10,0
G224,0,1,11,1,0,10,1,11,31,22,15,7,7,13,18,2,8,40,10,32,19,7,11,1,9,0,17,10,6,4
G225,0,8,17,2,0,14,0,11,32,24,10,3,4,15,13,1,2,37,10,29,20,6,6,1,15,0,22,9,5,2
G226,0,2,14,2,0,16,0,5,20,18,12,7,7,14,16,1,2,43,9,34,19,3,10,1,11,0,30,11,6,4
G227,0,4,10,0,0,16,0,10,30,21,13,13,1,17,16,1,2,57,11,37,24,0,13,0,5,0,22,7,4,3
G228,0,6,12,0,0,10,0,3,23,19,13,12,2,22,8,0,9,43,3,37,27,0,10,2,3,0,37,13,7,1
G229,0,4,10,1,0,12,0,8,16,18,9,11,3,12,11,3,3,49,11,48,21,4,8,1,6,0,30,13,7,2
G230,0,2,10,0,0,5,0,5,15,16,12,6,4,7,16,2,2,47,13,34,22,0,6,0,7,0,25,8,4,1
G231,0,5,13,1,0,10,2,4,17,14,7,9,5,15,17,3,11,55,5,56,18,1,9,0,1,0,38,8,7,1
G232,0,0,15,0,0,10,0,4,18,15,8,10,2,6,15,2,7,60,5,36,15,3,7,1,2,0,22,5,8,1
G233,0,3,7,0,0,15,1,9,17,18,11,14,7,14,11,2,3,61,8,44,14,1,5,1,3,0,24,10,4,0
G234,0,1,7,1,0,10,0,5,15,19,9,5,5,14,11,0,2,67,2,50,16,3,12,1,3,0,40,4,5,3
G235,0,2,10,0,0,4,0,6,17,16,9,7,1,18,9,1,4,63,3,34,26,0,4,2,1,0,24,7,5,1
G236,0,0,15,0,0,6,0,8,11,14,8,6,3,9,12,0,8,79,5,45,16,2,12,0,2,0,39,9,3,1
G237,0,3,14,0,0,10,0,9,13,12,6,11,4,10,8,1,2,66,5,53,22,3,7,1,1,0,29,7,4,2
G238,0,2,12,0,0,7,0,9,9,15,9,7,3,9,11,0,8,69,3,71,15,5,7,0,0,0,25,7,2,1
G239,0,2,5,1,0,7,0,8,8,16,7,9,5,9,13,0,5,69,4,49,17,4,6,3,1,0,27,4,2,1
G240,0,0,4,0,0,3,0,9,9,21,3,4,1,17,13,1,6,78,4,58,21,1,7,0,3,0,25,8,4,2
G241,0,1,8,0,0,10,0,7,15,12,4,3,3,12,13,0,1,77,3,43,20,2,10,0,1,0,17,9,4,1
G242,0,0,8,0,0,5,0,3,16,8,1,7,0,13,14,1,5,68,3,49,18,3,6,0,3,0,28,10,4,2
G243,0,0,5,0,0,5,0,2,11,9,2,4,2,17,14,1,2,86,2,58,9,3,7,1,2,0,14,7,4,1
G244,0,0,2,0,0,7,0,2,10,16,0,5,0,23,9,0,7,61,5,54,20,0,7,1,2,0,21,5,3,0
G245,0,2,6,0,0,8,0,3,7,6,4,7,4,17,11,0,3,61,5,50,22,2,11,0,1,0,17,5,5,2
G246,0,2,8,0,0,6,1,6,9,12,3,2,0,10,20,0,1,64,3,65,12,1,14,0,3,0,11,9,2,2
G247,0,3,8,0,0,5,0,4,15,12,3,14,4,7,16,1,0,56,2,65,10,2,12,1,1,0,9,9,5,2
G248,0,2,6,0,0,7,1,1,11,17,3,9,1,20,13,2,1,51,1,54,22,3,4,0,1,0,10,11,3,1
G249,0,0,3,0,0,3,0,9,10,11,3,10,2,8,10,0,3,66,2,50,18,1,5,1,0,0,9,8,2,4
G250,0,2,8,0,0,5,0,3,14,15,1,6,0,12,13,1,5,64,2,44,27,3,12,1,2,0,6,4,1,1
G251,0,2,3,0,0,5,0,4,9,19,0,13,2,16,15,0,5,93,3,48,26,2,17,1,1,0,6,1,0,2
G252,0,1,5,0,0,3,0,2,13,28,3,11,0,10,23,3,8,87,3,62,32,5,14,2,1,0,2,3,0,2
G253,0,1,6,0,0,4,1,3,27,21,2,29,2,19,22,2,12,96,2,67,34,10,38,0,2,0,9,3,4,4
G254,0,1,9,0,0,7,0,2,43,30,1,46,1,16,57,2,15,123,5,79,73,15,56,1,1,0,10,6,6,2
G255,0,8,24,1,0,14,0,12,76,67,9,104,3,32,143,3,30,313,18,174,147,39,120,5,9,0,19,18,7,12
R0,0,0,0,29,0,0,0,0,0,14,0,0,0,0,0,0,4,0,0,0,0,0,4,0,0,0,0,0,0,0
R1,0,0,0,16,0,0,0,0,0,6,0,0,0,0,0,0,2,0,0,0,0,0,5,0,0,0,0,0,0,0
R2,0,0,0,14,0,0,0,0,0,7,0,0,0,0,0,0,9,0,0,0,0,0,3,0,0,0,0,0,0,0
R3,0,0,0,21,0,0,0,0,0,12,1,0,0,0,0,0,2,0,0,0,0,0,8,0,0,0,0,0,0,0
R4,0,0,0,15,0,0,0,0,0,12,0,0,0,0,0,0,6,0,0,0,0,0,5,0,0,0,0,0,0,0
R5,0,0,0,25,0,0,0,0,0,6,0,0,0,0,0,0,9,0,0,0,0,0,2,0,0,0,0,0,0,0
R6,0,0,0,21,0,0,0,0,0,22,0,0,0,0,0,0,9,0,0,0,0,0,7,0,0,0,0,0,0,0
R7,0,0,0,17,0,0,0,0,0,10,0,0,0,0,0,0,9,0,0,0,0,0,12,0,0,0,0,0,0,0
R8,0,0,0,24,0,0,0,0,0,9,0,0,0,0,0,0,12,0,0,0,0,0,15,0,0,0,0,0,0,0
R9,0,0,0,25,0,0,0,0,0,18,0,0,0,0,0,0,17,0,0,0,0,0,8,0,0,0,0,0,0,0
R10,0,0,0,18,0,0,0,0,0,14,0,0,0,0,0,0,24,0,0,0,0,0,11,0,0,0,0,0,0,0
R11,0,0,0,26,0,0,0,0,0,17,0,0,0,0,0,0,22,0,0,0,0,0,12,0,0,0,0,0,0,0
R12,0,0,0,41,0,0,0,0,0,22,0,0,0,0,0,0,34,0,0,0,0,0,11,0,0,0,0,0,0,0
R13,0,0,0,24,0,0,0,0,0,19,1,0,0,0,0,1,31,0,0,0,0,0,14,0,0,0,0,0,0,0
R14,0,0,0,36,0,0,0,0,0,13,0,0,0,0,0,0,17,0,0,0,0,0,12,0,0,0,0,0,0,0
R15,0,0,1,31,0,0,0,0,0,14,0,0,0,0,0,0,31,0,0,0,0,0,13,0,0,0,0,0,0,0
R16,0,0,0,30,0,0,0,0,0,28,0,0,0,0,0,1,26,0,0,0,0,0,7,0,0,0,0,0,0,0
R17,0,0,0,34,0,0,0,0,0,18,0,0,0,0,0,0,28,0,0,0,0,0,9,0,0,0,0,0,0,0
R18,0,0,0,39,0,0,0,0,0,19,0,0,0,0,0,0,32,0,0,0,0,0,8,0,0,0,0,0,0,0
R19,0,0,1,33,0,0,0,0,0,17,0,0,0,0,0,0,20,0,0,0,0,0,7,0,0,0,0,0,0,0
R20,0,0,0,36,0,0,0,0,0,23,1,0,0,0,0,1,23,0,0,0,0,0,10,0,0,0,0,0,0,0
R21,0,0,0,21,0,0,0,0,0,31,0,0,0,0,0,0,16,0,0,0,0,0,12,0,0,0,0,0,0,0
R22,0,0,0,33,0,0,0,0,0,34,0,0,0,0,0,0,27,0,0,0,0,0,2,0,0,0,0,0,0,0
R23,0,0,0,29,0,0,0,0,0,34,0,0,0,0,0,0,25,0,0,0,0,0,6,0,0,0,0,0,0,0
R24,0,0,1,35,0,0,0,0,0,29,0,0,0,0,0,1,21,0,0,0,0,0,9,0,0,0,0,0,0,0
R25,0,0,0,32,0,0,0,0,0,36,0,0,0,0,0,0,23,0,0,0,1,0,10,0,0,0,0,0,0,0
R26,0,0,2,30,0,0,0,0,0,31,0,0,0,0,0,0,20,0,0,0,1,1,7,0,0,0,0,0,0,0
R27,0,0,0,25,0,0,0,0,0,27,1,0,0,0,0,1,28,0,0,0,1,0,11,0,0,0,0,0,0,0
R28,0,0,1,29,0,0,0,0,0,22,0,0,0,0,0,1,14,0,0,0,1,0,4,0,0,0,0,0,0,0
R29,0,0,0,30,0,0,0,0,0,34,0,0,0,0,0,0,18,0,0,0,0,0,10,0,0,0,0,0,0,0
R30,0,0,1,30,0,0,0,0,0,33,0,0,0,0,0,0,12,0,0,0,1,0,7,0,0,0,0,0,0,0
R31,0,0,0,39,0,0,0,0,0,33,2,0,0,0,0,2,16,0,0,0,3,0,6,0,0,0,0,0,0,0
R32,0,0,2,31,0,0,0,0,0,33,0,0,0,0,0,1,16,0,0,0,2,0,3,0,0,0,0,0,0,0
R33,0,0,0,27,0,0,0,0,0,27,2,0,0,0,0,0,15,0,0,0,2,0,3,0,0,0,0,0,0,0
R34,0,0,0,33,0,0,0,0,0,29,5,0,0,0,0,1,5,0,0,0,4,0,4,0,0,0,0,0,0,0
R35,0,0,1,21,0,0,0,0,0,41,3,0,0,0,0,0,11,0,0,0,4,0,9,0,0,0,0,0,0,0
R36,0,0,0,22,0,0,0,0,0,39,3,0,0,0,0,0,9,0,0,0,4,0,8,0,0,0,0,0,0,0
R37,0,0,0,34,0,0,0,0,0,27,2,0,0,0,0,1,11,0,0,0,0,1,6,0,0,0,0,0,0,0
R38,0,0,2,26,0,0,0,0,0,28,3,0,0,0,0,0,5,0,0,0,3,0,8,0,0,0,0,0,0,0
R39,0,0,0,25,0,0,0,0,0,31,5,0,0,0,0,0,6,0,0,0,6,1,5,0,0,0,0,0,0,0
R40,0,0,2,28,0,0,0,0,0,25,2,0,0,0,0,0,6,0,0,0,3,0,3,0,0,0,0,0,0,0
R41,0,0,1,34,0,0,0,0,0,40,4,0,0,0,0,0,9,0,0,0,1,0,5,0,0,0,0,0,1,0
R42,0,0,1,28,0,0,0,0,0,29,2,0,0,0,0,0,7,0,0,0,7,0,5,0,0,0,0,0,0,0
R43,0,0,2,27,0,0,0,0,0,36,6,0,0,0,0,0,10,0,0,0,5,1,6,0,0,0,0,0,0,0
R44,0,0,0,25,0,0,0,0,0,28,2,0,0,0,0,0,6,0,0,0,7,0,7,0,0,0,0,0,0,0
R45,0,0,0,30,0,0,0,0,0,28,7,0,0,0,0,1,9,0,0,0,15,0,5,0,0,0,0,0,0,0
R46,0,0,0,33,0,0,0,0,0,23,1,0,0,0,0,1,12,0,0,0,6,0,8,0,0,0,0,0,1,0
R47,0,0,0,31,0,0,0,0,0,21,4,0,0,0,0,0,5,0,0,0,19,1,5,0,0,0,0,0,1,0
R48,0,0,0,22,0,0,0,0,0,21,4,0,0,0,0,0,4,0,0,0,11,1,2,0,0,0,0,0,0,0
R49,0,0,3,25,0,0,0,0,0,23,7,0,0,0,0,3,7,0,0,0,11,0,4,0,0,0,0,0,0,0
R50,0,0,1,24,0,0,0,0,0,20,4,0,0,0,0,1,8,0,0,0,16,3,3,0,0,0,0,0,0,0
R51,0,0,0,32,0,0,0,0,0,20,1,0,0,0,0,1,9,0,0,0,12,1,8,0,0,0,0,0,0,0
R52,0,0,1,29,0,0,0,0,0,23,4,0,0,0,0,0,5,0,1,0,16,0,5,0,0,0,0,0,0,0
R53,0,0,0,31,0,0,0,0,0,23,5,0,0,0,0,0,10,0,1,0,17,0,7,0,0,0,0,1,0,0
R54,0,0,1,26,0,0,0,0,0,21,5,0,0,0,0,1,8,0,0,0,17,1,4,0,0,0,0,0,0,0
R55,0,0,0,27,0,0,0,0,0,19,5,0,0,0,0,0,5,0,0,0,14,0,6,0,0,0,0,0,0,0
R56,0,0,1,12,0,0,0,0,0,30,9,0,0,0,0,0,6,0,0,0,18,0,1,0,0,0,0,0,1,0
R57,0,0,0,23,0,0,0,0,0,23,6,0,0,0,0,0,5,0,0,0,14,0,4,0,0,0,0,1,2,0
R58,0,0,1,26,0,0,0,0,0,21,4,0,0,0,0,3,7,0,0,0,20,0,5,0,1,0,0,0,1,0
R59,0,0,1,20,0,0,0,0,0,26,7,0,0,0,0,0,6,1,0,0,16,0,3,0,0,0,0,1,2,0
R60,0,0,1,22,0,0,0,0,0,20,5,0,0,0,0,1,8,0,0,0,20,1,4,0,1,0,0,0,2,0
R61,0,0,0,16,0,0,0,0,0,23,6,0,0,0,0,0,6,0,0,0,25,0,6,0,1,0,0,0,1,0
R62,0,0,3,22,0,0,0,0,0,15,8,0,0,0,0,1,10,2,1,0,29,0,5,0,0,0,0,0,2,0
R63,0,0,1,19,0,0,0,0,0,22,5,0,0,0,0,0,11,0,0,0,23,1,3,0,0,0,0,0,4,0
R64,0,0,0,17,0,0,0,0,0,23,6,0,0,0,0,0,11,2,1,0,26,1,8,1,1,0,0,0,3,0
R65,0,0,1,15,0,0,0,0,0,15,4,0,0,0,0,0,6,2,0,0,29,2,7,1,4,0,0,0,4,0
R66,0,0,0,17,0,0,0,0,0,21,2,0,0,0,0,1,5,2,0,2,25,1,6,1,0,0,0,0,3,0
R67,0,0,0,24,0,0,0,0,0,18,7,0,0,0,0,0,7,1,0,0,20,0,2,0,1,0,0,0,5,0
R68,0,0,2,18,0,0,0,0,0,18,6,0,0,0,0,2,8,0,0,1,21,0,3,1,0,0,0,0,5,0
R69,0,0,0,23,0,0,0,0,0,25,8,0,0,0,0,3,4,2,0,1,27,0,7,0,1,0,0,0,4,0
R70,0,0,1,18,0,0,0,0,0,10,7,0,0,0,0,2,6,3,0,0,20,0,7,2,0,0,0,0,7,0
R71,0,0,0,15,0,0,0,0,0,25,6,0,0,0,0,1,8,1,0,0,21,0,6,1,1,0,0,0,2,0
R72,0,0,1,21,0,0,0,0,0,16,8,0,0,0,0,0,8,2,0,0,23,1,3,2,0,0,0,1,8,0
R73,0,0,1,10,0,0,0,0,0,20,6,0,0,0,0,0,5,4,0,0,19,1,4,2,2,0,0,0,6,0
R74,0,0,1,14,0,0,0,0,0,14,5,0,0,0,0,1,8,2,0,2,28,0,10,0,1,0,0,0,3,1
R75,0,0,0,23,0,0,0,0,0,17,8,0,0,0,0,2,14,2,2,1,19,5,3,3,0,0,0,0,20,0
R76,0,0,0,18,0,0,0,0,0,14,6,0,0,0,0,3,9,4,1,0,21,3,4,3,1,0,0,0,10,0
R77,0,0,1,14,0,0,0,0,0,23,6,0,0,0,0,1,14,7,1,0,14,3,4,2,2,0,0,1,12,0
R78,0,0,3,9,0,0,0,0,0,25,2,0,0,0,0,2,2,4,0,1,20,1,6,1,2,0,0,1,15,0
R79,0,0,0,19,0,0,0,0,0,11,6,0,0,0,0,0,10,3,2,1,22,3,7,7,0,0,0,3,8,0
R80,0,0,0,10,0,0,0,0,0,21,3,0,0,0,0,4,12,7,1,4,20,2,8,4,3,0,0,2,20,0
R81,0,0,0,12,0,0,0,0,0,13,5,0,0,0,0,2,10,5,1,0,23,5,12,7,6,0,0,2,20,0
R82,0,0,1,10,0,0,0,0,0,9,5,0,0,0,0,5,8,5,0,1,18,4,6,5,4,0,0,3,21,0
R83,0,0,0,12,0,0,0,0,0,16,7,0,1,0,0,2,10,9,1,2,12,3,5,16,10,0,0,1,19,0
R84,0,0,1,12,0,0,0,0,0,14,6,0,1,0,0,2,20,7,0,2,6,2,6,13,18,0,0,1,15,0
R85,0,0,1,9,0,0,0,0,0,23,9,0,0,0,0,4,16,12,1,3,13,7,11,13,11,1,0,6,13,0
R86,0,0,2,10,0,0,0,0,0,21,4,0,1,0,0,1,16,11,2,6,11,4,10,29,24,1,0,1,15,0
R87,0,0,0,10,0,0,0,0,0,14,3,0,3,0,0,4,6,10,6,1,15,6,7,40,35,1,0,1,21,3
R88,0,0,1,7,0,0,0,0,0,9,6,2,4,0,0,3,16,16,5,2,13,6,9,57,41,0,0,4,30,0
R89,0,0,1,13,0,0,0,0,0,20,4,1,2,0,0,7,20,9,5,3,13,14,15,89,53,3,0,6,31,0
R90,0,0,1,8,0,0,0,0,0,14,2,0,1,1,1,5,15,21,4,4,19,7,21,119,51,0,0,6,27,0
R91,0,0,1,12,0,0,0,0,0,18,5,0,4,1,1,4,12,17,1,2,14,15,14,145,67,0,0,8,28,1
R92,0,0,0,5,0,0,0,0,0,26,4,0,7,1,0,7,17,20,3,3,21,13,16,200,86,1,0,3,32,1
R93,0,0,3,8,0,0,0,0,0,15,4,1,8,1,0,7,15,45,10,6,17,15,22,263,106,1,0,4,30,3
R94,0,0,2,12,0,0,0,0,0,19,7,1,14,5,0,12,23,48,18,3,16,21,31,344,141,2,0,6,24,2
R95,0,0,0,8,0,0,0,0,0,20,8,0,28,6,2,5,21,56,19,9,19,15,38,404,132,4,0,5,36,0
R96,0,0,0,4,0,0,0,0,1,14,5,1,30,9,0,14,22,88,30,6,26,19,51,421,167,2,0,11,41,4
R97,0,0,0,4,0,0,2,0,0,24,10,3,58,11,1,10,19,118,57,7,26,23,70,462,220,5,0,8,32,3
R98,0,0,1,8,0,0,1,1,0,12,1,1,90,17,0,20,30,142,78,6,18,22,82,528,239,13,0,4,41,8
R99,0,0,1,2,0,0,1,0,0,15,3,5,127,22,0,14,27,205,147,12,22,24,85,549,316,19,0,6,54,23
R100,0,0,0,4,0,0,5,0,2,17,6,2,187,44,1,19,37,211,161,13,20,26,109,529,357,27,0,8,41,37
R101,0,0,0,5,0,0,14,0,0,14,7,2,225,43,0,24,24,210,239,17,20,34,117,584,404,46,0,7,45,47
R102,0,0,2,5,0,0,14,0,1,10,6,4,283,76,0,17,55,217,288,27,18,23,135,495,413,77,0,13,32,83
R103,0,0,1,3,0,0,26,0,1,19,7,3,302,90,4,26,60,207,387,44,22,38,122,427,441,116,4,11,51,119
R104,0,0,1,8,0,0,35,0,0,26,3,6,356,109,0,37,68,177,438,59,15,25,164,366,483,202,2,14,44,178
R105,0,0,1,7,0,0,69,0,1,18,6,10,364,131,2,35,100,172,555,71,14,30,169,359,504,220,8,9,68,240
R106,0,0,1,4,0,0,58,0,2,23,9,7,425,156,2,35,120,135,588,118,15,30,192,313,468,321,9,12,69,278
R107,0,0,0,9,0,0,91,0,2,17,9,9,435,190,3,36,148,101,587,119,20,45,215,216,439,417,16,12,87,318
R108,0,0,2,5,0,0,115,1,2,23,12,14,467,220,0,48,206,79,560,162,15,37,183,190,424,485,19,15,107,351
R109,0,0,1,5,0,0,129,1,2,12,10,19,487,239,2,47,228,70,564,183,17,45,200,154,382,515,32,10,123,351
R110,0,0,0,6,0,0,143,1,6,28,12,25,473,272,1,42,280,51,538,236,7,36,176,99,347,544,39,12,115,354
R111,0,0,1,5,0,0,197,1,8,15,15,31,420,298,4,50,275,46,471,233,12,41,167,77,276,571,59,16,145,378
R112,0,0,2,5,0,0,199,3,4,21,25,52,408,341,6,42,315,43,376,264,14,45,150,49,221,626,80,22,169,422
R113,0,0,0,2,0,0,187,2,2,26,46,43,366,359,9,48,322,39,345,283,21,43,136,44,166,606,100,25,163,390
R114,0,0,1,5,0,0,240,6,12,19,57,63,331,384,13,39,308,35,258,303,15,47,153,30,117,540,95,21,226,404
R115,1,0,4,2,0,0,257,8,7,23,56,64,324,432,25,49,290,38,234,290,11,41,130,28,97,558,125,17,220,429
R116,0,0,2,4,0,0,267,14,18,27,88,74,285,384,35,54,287,44,166,283,9,52,120,17,64,458,108,17,221,361
R117,0,0,0,3,0,1,283,17,12,15,103,107,215,403,54,57,254,32,119,272,24,54,90,15,65,403,111,11,244,416
R118,0,1,0,3,0,0,319,19,22,27,123,110,163,390,61,69,222,25,95,264,18,85,96,5,27,299,120,26,269,327
R119,0,1,1,5,0,0,330,36,36,24,149,132,155,395,117,83,173,21,60,262,19,90,82,9,21,254,160,28,275,360
R120,1,0,2,10,0,0,365,51,37,33,181,139,125,323,140,71,145,18,34,222,17,113,67,10,22,180,133,31,264,348
R121,6,1,1,4,0,0,342,48,57,34,212,166,90,299,175,104,103,16,28,183,12,103,83,5,20,129,121,28,289,373
R122,7,0,1,4,1,0,352,58,100,37,180,120,61,245,227,145,85,22,16,182,13,138,47,6,4,88,116,46,257,293
R123,15,0,3,6,0,2,336,79,129,29,214,152,49,233,242,166,71,25,12,160,14,152,44,2,8,49,126,59,263,251
R124,22,0,1,8,0,1,359,128,142,33,248,162,27,156,295,244,52,25,5,169,16,201,38,2,0,35,139,93,250,228
R125,32,1,2,7,0,0,376,118,198,35,230,142,22,115,370,290,45,18,1,144,19,245,35,7,2,19,135,128,209,162
R126,60,4,1,3,0,1,395,196,241,51,231,148,15,90,406,383,40,31,0,144,38,259,38,6,1,10,183,152,195,130
R127,90,1,1,5,0,2,419,233,259,43,256,149,4,71,416,507,34,18,3,155,36,294,53,5,4,7,203,213,208,73
R128,145,6,0,6,0,4,405,280,208,57,251,163,8,52,426,481,29,25,2,148,42,277,42,2,3,10,182,241,152,71
R129,229,10,1,8,3,3,373,244,224,60,274,174,5,32,394,482,20,30,2,131,59,245,28,5,0,3,202,288,139,40
R130,302,8,1,7,2,3,305,286,218,73,270,172,2,19,349,408,24,28,0,138,75,232,32,2,1,1,196,285,108,18
R131,483,48,3,12,5,3,281,318,213,102,279,182,2,9,305,375,25,31,0,116,95,243,31,2,0,4,195,327,90,9
R132,660,64,3,9,3,4,201,341,258,111,283,224,0,4,293,307,18,32,0,102,95,253,35,2,2,3,173,335,74,2
R133,830,118,3,7,9,5,142,448,260,127,291,240,2,3,257,296,22,33,1,90,142,258,40,1,1,3,174,397,58,3
R134,887,173,1,10,11,5,104,405,284,125,294,207,1,3,246,287,18,29,1,71,168,311,34,5,2,4,191,396,52,1
R135,857,214,2,10,15,7,81,413,286,141,293,208,2,1,222,225,10,40,1,52,217,314,24,2,3,1,209,377,56,1
R136,736,334,3,11,35,14,53,415,260,129,262,254,5,1,221,204,20,24,2,18,226,342,44,1,2,4,164,397,42,2
R137,690,382,5,28,44,12,37,368,261,146,281,240,2,1,201,176,14,34,0,25,281,293,28,2,0,3,172,330,36,0
R138,544,390,10,29,66,23,37,345,276,123,236,224,1,4,162,122,15,35,0,9,295,282,26,1,1,4,195,333,28,0
R139,400,405,8,45,105,18,18,295,244,125,259,262,1,1,131,94,19,39,1,6,317,272,27,3,1,3,146,264,24,0
R140,303,432,30,57,102,42,9,273,203,136,228,236,0,1,118,82,15,40,1,4,321,250,24,3,1,4,134,224,29,1
R141,216,419,40,65,162,64,5,208,210,118,198,211,1,1,80,70,17,35,2,10,365,195,43,1,0,6,131,208,19,0
R142,174,364,44,101,184,77,4,205,177,100,150,217,2,0,61,49,14,29,2,3,279,129,19,3,0,4,90,144,32,0
R143,104,318,62,108,210,100,2,164,146,97,144,154,0,0,53,41,12,42,1,6,247,95,27,2,0,4,91,99,24,0
R144,77,349,68,100,227,123,1,130,143,98,110,169,1,3,30,26,26,33,1,4,189,91,38,1,0,4,71,94,23,1
R145,61,370,110,99,252,160,0,108,113,70,73,149,0,2,31,45,18,33,1,3,122,57,36,2,0,6,74,74,27,0
R146,21,410,107,105,283,197,0,71,88,62,59,142,1,3,34,35,15,42,0,9,105,41,20,2,4,8,72,64,21,0
R147,24,378,136,109,316,229,1,50,102,50,47,126,1,1,31,35,14,49,0,2,76,30,21,4,0,6,76,65,24,1
R148,9,346,159,103,353,269,0,23,69,69,32,114,0,5,31,30,15,42,3,5,70,20,32,4,0,4,67,58,17,0
R149,4,296,193,121,360,304,0,16,72,62,13,105,2,6,23,26,12,38,0,4,52,32,34,1,3,8,70,49,19,0
R150,3,300,217,138,430,368,0,11,60,58,11,74,1,4,27,33,18,43,0,5,61,20,28,2,1,3,72,45,19,0
R151,4,221,238,153,457,430,0,7,64,67,17,54,2,3,31,26,14,30,1,3,47,37,33,4,2,5,65,44,17,1
R152,1,198,261,162,552,467,0,7,51,57,5,69,1,4,22,22,14,33,0,7,67,12,30,6,0,9,68,43,17,1
R153,1,164,344,184,585,476,0,12,48,59,2,49,3,2,23,28,14,35,1,5,50,22,32,2,1,5,61,39,16,1
R154,1,132,348,213,633,552,0,12,45,63,5,40,2,4,22,23,17,41,0,1,47,23,39,1,3,2,57,51,19,0
R155,0,127,424,269,572,499,1,12,52,44,2,37,2,5,21,25,16,36,1,2,45,19,40,1,3,0,64,45,16,2
R156,0,94,542,294,531,424,0,15,42,46,4,25,1,7,23,24,19,32,1,3,55,16,30,6,3,4,56,40,8,0
R157,0,73,517,304,446,312,0,29,54,58,4,35,4,13,23,25,14,46,1,4,53,11,33,3,3,0,52,38,25,1
R158,0,49,599,331,351,193,0,23,47,54,7,23,3,7,18,20,15,34,0,3,65,18,25,4,2,5,53,40,25,0
R159,0,26,475,332,214,147,0,21,46,56,0,30,3,15,33,19,16,30,0,7,59,20,38,1,2,3,61,39,26,0
R160,0,38,428,343,156,87,0,31,63,69,4,32,1,16,17,27,9,48,0,4,62,17,32,1,4,3,48,45,32,0
R161,0,34,397,359,121,113,0,29,48,50,4,24,2,14,26,24,14,32,1,5,60,13,42,0,4,2,48,39,26,1
R162,0,25,322,364,92,82,0,36,36,41,3,29,7,21,15,21,14,23,2,3,45,21,29,1,0,1,34,41,32,0
R163,0,19,268,301,49,93,1,49,42,50,5,25,3,28,18,16,15,33,1,2,56,19,21,2,6,2,42,44,14,1
R164,0,20,178,256,30,75,0,36,27,46,4,24,8,21,13,20,10,39,2,6,42,23,34,4,4,2,29,34,25,0
R165,0,17,118,209,24,71,0,46,44,34,3,29,9,23,38,18,9,30,0,6,52,21,31,0,2,0,47,38,24,1
R166,0,28,86,146,6,70,0,39,28,41,1,36,8,32,24,16,12,26,1,3,34,17,32,0,5,1,29,34,24,0
R167,0,12,56,79,1,76,0,62,44,42,7,32,5,26,22,15,15,26,1,7,46,14,31,4,1,0,38,31,27,1
R168,0,18,36,34,2,82,0,58,35,37,2,24,13,26,16,25,15,27,3,3,41,18,37,0,2,1,33,28,24,0
R169,0,16,33,22,0,52,0,60,39,32,3,25,13,22,24,19,18,21,2,5,36,14,30,1,3,0,46,35,30,1
R170,0,14,28,7,0,78,0,46,27,45,2,27,10,27,18,18,19,27,5,3,29,21,31,2,3,0,24,32,14,0
R171,0,19,19,4,0,48,0,58,25,39,4,29,12,40,18,14,12,27,6,2,36,26,27,3,6,0,26,34,43,1
R172,0,18,15,3,0,52,0,59,30,25,5,27,8,37,18,13,17,28,3,3,35,20,32,4,4,0,28,25,23,0
R173,0,11,16,3,0,63,0,50,23,36,6,33,12,24,23,24,18,29,3,2,29,14,23,3,6,0,31,41,38,1
R174,0,16,26,2,0,53,0,31,27,31,2,23,8,30,25,20,16,28,3,5,26,21,37,5,6,0,32,29,18,0
R175,0,14,17,3,0,44,0,40,31,38,3,32,12,26,18,25,19,30,4,3,17,23,38,2,8,0,40,25,28,0
R176,0,13,19,2,0,56,1,38,29,34,4,26,12,26,24,25,18,32,8,8,16,15,36,3,9,0,35,26,26,0
R177,0,18,24,1,0,48,0,41,22,26,5,23,14,23,18,24,15,28,9,4,25,22,37,5,5,0,36,21,29,0
R178,0,16,22,0,0,45,0,29,26,21,4,33,10,24,16,19,14,37,5,2,13,18,30,2,5,0,35,27,30,0
R179,0,11,29,2,0,52,0,32,24,29,8,18,10,17,22,22,15,31,11,3,29,11,39,2,4,0,38,28,30,0
R180,0,21,20,1,0,36,0,31,22,28,1,16,17,14,15,15,20,28,10,4,17,19,33,3,6,0,29,21,32,1
R181,0,9,23,1,0,40,1,18,21,38,3,25,11,12,19,22,21,33,12,4,14,14,29,4,3,0,41,30,24,0
R182,0,17,20,1,0,57,0,25,24,19,5,15,12,13,12,12,20,38,11,6,19,18,33,2,5,0,29,20,23,0
R183,0,16,16,2,0,39,0,20,18,31,0,19,11,19,17,17,11,27,12,4,21,18,35,2,6,0,33,26,24,1
R184,0,13,22,1,0,53,0,25,30,24,7,27,14,19,18,26,20,32,9,5,21,12,27,5,6,0,29,23,25,0
R185,0,12,15,0,0,41,1,21,16,27,1,23,10,11,21,11,21,33,7,5,17,15,52,5,6,0,35,26,36,1
R186,0,16,19,0,0,42,0,20,27,17,3,17,11,9,14,15,22,38,4,7,17,13,36,4,7,0,21,14,26,1
R187,0,12,23,1,0,42,0,20,33,33,3,21,7,8,9,14,22,35,7,9,18,25,34,2,5,0,26,25,24,0
R188,0,16,19,0,0,31,0,17,28,26,1,15,14,9,21,17,25,33,10,3,20,22,30,5,9,0,18,23,24,0
R189,0,12,23,1,0,45,0,12,25,16,6,19,13,12,22,18,25,41,8,10,21,15,41,3,9,0,32,17,18,0
R190,0,16,22,1,0,36,0,18,21,20,4,21,9,6,15,12,37,28,10,4,15,16,37,3,8,0,34,17,28,1
R191,0,9,25,0,0,34,0,11,25,17,2,14,11,6,23,9,35,31,9,7,19,22,41,0,10,0,28,11,28,2
R192,0,14,13,1,0,25,0,9,22,24,4,19,7,10,18,9,32,42,10,9,18,12,30,3,10,0,23,24,22,0
R193,0,6,22,0,0,34,0,14,22,19,1,11,7,11,19,17,32,41,11,12,21,11,38,0,4,0,24,19,17,0
R194,0,16,32,1,0,27,0,7,31,10,2,11,5,6,10,10,42,38,7,11,17,23,34,1,8,0,29,15,13,2
R195,0,15,29,0,0,31,0,9,39,19,2,18,5,12,15,15,27,38,7,6,25,21,46,0,6,0,29,8,16,1
R196,0,7,14,0,0,29,0,6,33,17,3,12,4,7,17,10,45,41,8,16,21,15,43,1,11,0,25,8,23,0
R197,0,8,22,1,0,34,0,8,21,26,5,11,9,7,18,15,38,41,8,22,18,15,37,2,9,0,23,17,12,0
R198,0,11,16,0,0,18,0,8,30,29,2,13,9,9,15,8,32,36,3,19,18,13,47,2,11,0,36,11,25,0
R199,0,15,18,1,0,20,2,9,13,13,6,14,7,9,7,6,39,32,5,21,11,8,42,4,11,0,17,15,16,0
R200,0,6,22,1,0,21,0,10,29,18,3,12,8,14,17,8,37,29,10,24,13,12,43,2,9,0,24,17,21,1
R201,0,10,15,0,0,22,0,9,26,13,2,14,9,7,15,7,31,40,5,24,14,12,27,1,5,0,18,15,18,0
R202,0,5,23,0,0,21,0,10,34,18,3,10,7,10,17,7,31,47,11,24,20,9,47,2,11,0,23,11,16,0
R203,0,13,13,0,0,15,1,6,24,17,5,13,3,12,14,6,35,33,4,29,24,11,43,2,19,0,22,9,12,0
R204,0,7,16,1,0,14,0,9,26,16,3,6,10,9,19,7,24,59,7,25,9,9,50,1,14,0,30,13,15,1
R205,0,7,12,0,0,14,1,8,25,17,7,14,6,16,19,6,29,49,5,33,21,5,35,1,9,0,27,12,22,1
R206,0,4,17,0,0,17,0,10,29,13,2,6,4,19,25,9,30,46,12,42,17,5,31,0,4,0,27,14,9,1
R207,0,2,13,0,0,12,0,10,17,16,6,15,4,10,9,6,25,55,7,39,19,3,47,1,9,0,30,13,7,0
R208,0,4,13,0,0,13,0,8,19,10,5,10,3,11,9,12,23,46,6,46,19,4,43,1,8,0,40,11,16,2
R209,0,9,11,0,0,17,0,5,24,12,8,12,4,18,12,7,29,72,2,39,14,5,35,1,10,0,27,12,12,3
R210,0,5,14,0,0,8,0,6,18,13,5,6,2,15,14,8,22,61,7,39,14,3,33,2,7,0,33,14,5,3
R211,0,3,11,0,0,12,1,8,20,16,8,7,2,14,9,7,33,71,6,51,14,2,29,1,6,0,25,12,13,3
R212,0,4,9,0,0,16,0,5,15,2,7,10,4,18,14,8,36,78,8,34,20,5,34,1,7,0,19,6,6,5
R213,0,6,10,0,0,8,1,10,19,15,7,12,1,9,8,5,24,77,9,40,21,3,32,0,6,0,30,5,9,3
R214,0,2,8,0,0,9,0,8,16,13,8,14,4,12,13,9,16,59,6,33,13,0,28,0,7,0,29,7,14,4
R215,0,2,11,0,0,9,1,5,8,13,4,6,0,8,12,2,18,70,6,35,17,2,27,1,4,0,35,6,9,2
R216,0,3,13,0,0,12,0,3,12,12,3,7,3,12,14,6,20,69,3,34,18,5,34,1,2,0,43,2,5,0
R217,0,2,12,1,0,10,0,6,15,13,4,7,5,16,11,7,17,52,7,45,27,1,39,0,4,0,24,12,10,2
R218,0,3,8,0,0,7,0,11,18,12,4,4,3,8,10,2,20,75,6,38,18,1,26,0,6,0,29,5,9,0
R219,0,1,7,0,0,9,0,5,6,13,6,5,1,13,6,5,16,80,5,47,21,3,29,0,2,0,31,6,6,1
R220,0,2,7,1,0,6,0,7,9,10,9,9,5,11,14,7,17,53,0,32,17,2,29,0,2,0,19,4,12,0
R221,0,1,8,0,0,6,0,10,7,19,11,6,2,19,7,8,16,48,3,40,23,0,26,0,2,0,23,5,6,0
R222,0,1,2,0,0,4,0,8,9,16,10,9,2,12,12,13,13,57,2,38,21,1,19,1,1,0,19,7,8,1
R223,0,1,5,0,0,8,0,8,9,16,7,11,3,14,13,3,16,62,1,47,18,4,25,0,2,0,21,2,6,0
R224,0,2,9,0,0,4,0,8,10,11,13,4,0,13,15,2,14,40,1,40,20,4,16,1,0,0,15,8,7,2
R225,0,2,4,0,0,4,0,3,7,14,11,1,1,9,12,6,13,51,2,38,15,2,13,0,0,0,12,10,6,0
R226,0,2,5,0,0,6,0,4,6,13,12,8,2,9,10,4,8,50,2,47,15,1,19,0,0,0,8,6,2,1
R227,0,0,1,0,0,4,0,1,9,11,7,5,2,8,5,2,14,42,2,46,19,2,15,0,2,0,11,4,5,2
R228,0,1,7,0,0,7,0,4,6,11,9,7,0,10,13,4,19,42,3,47,16,0,16,1,1,0,10,5,7,2
R229,0,1,2,0,0,8,1,4,6,18,10,7,1,13,10,4,12,45,3,45,16,2,14,0,2,0,10,5,8,2
R230,0,1,3,0,0,6,1,1,8,20,13,5,0,13,9,5,13,46,1,39,11,5,11,0,1,0,5,5,0,2
R231,0,3,3,0,0,3,0,1,10,20,14,4,2,9,14,3,12,37,2,41,10,2,11,0,4,0,13,2,2,0
R232,0,0,2,0,0,9,0,3,6,9,7,10,1,11,9,1,11,42,4,27,16,2,5,0,1,0,9,3,6,1
R233,0,1,7,0,0,3,0,4,5,21,12,5,2,9,10,1,15,40,3,36,12,2,8,0,1,0,8,6,5,2
R234,0,1,4,0,0,6,0,3,4,11,10,7,1,10,9,0,14,32,3,29,10,0,10,1,1,0,3,8,4,2
R235,0,0,6,0,0,2,0,2,10,19,9,5,3,9,11,2,15,36,0,38,13,0,10,1,3,0,9,8,7,0
R236,0,2,2,1,0,1,1,3,9,10,8,8,2,4,8,1,14,39,2,26,9,1,9,1,0,0,3,5,8,0
R237,0,1,3,0,0,2,0,3,6,12,16,9,1,10,14,0,3,25,4,31,16,5,5,0,0,0,4,5,1,0
R238,0,0,2,0,0,0,0,4,6,10,11,5,1,8,15,4,8,37,2,30,13,1,7,0,2,0,1,3,3,1
R239,0,0,6,0,0,2,0,1,5,16,10,7,1,3,11,1,13,34,3,29,11,2,7,3,2,0,4,1,2,1
R240,0,0,6,0,0,1,0,1,4,13,12,5,1,6,10,1,11,32,1,27,13,0,7,1,0,0,3,4,0,1
R241,0,0,5,0,0,5,0,2,5,10,10,6,0,3,9,1,8,28,1,24,19,3,10,0,2,0,1,5,5,4
R242,0,0,1,0,0,5,0,2,6,16,21,3,2,4,12,2,6,38,4,21,8,1,10,1,1,0,3,5,3,0
R243,0,2,5,0,0,5,0,2,7,13,12,7,1,9,12,2,11,16,2,23,17,5,5,1,1,0,1,5,6,1
R244,0,1,4,0,0,0,0,0,3,4,10,6,0,9,13,1,9,30,0,26,18,3,11,1,1,0,0,2,3,2
R245,0,0,3,0,0,8,0,0,11,7,9,2,1,2,11,2,10,26,0,20,24,2,8,1,0,0,1,4,3,1
R246,0,3,2,0,0,3,0,0,4,15,6,4,0,1,8,1,13,31,2,10,21,3,9,1,0,0,0,0,1,1
R247,0,0,2,0,0,1,0,1,10,13,11,2,0,6,11,3,10,21,2,9,11,6,14,0,3,0,2,0,1,1
R248,0,2,5,0,0,1,0,2,8,9,13,7,1,4,12,0,8,26,1,12,16,5,13,1,2,0,1,5,3,0
R249,0,0,3,0,0,2,0,0,8,12,13,1,1,1,14,2,7,30,3,21,17,3,14,0,1,0,1,0,8,1
R250,0,2,4,0,0,6,0,1,3,27,12,5,0,1,10,1,11,24,1,16,24,2,15,1,1,0,1,3,2,3
R251,0,1,4,0,0,4,0,0,12,36,13,17,1,2,10,0,7,34,3,13,9,3,22,0,0,0,0,3,4,1
R252,0,1,4,0,0,2,0,1,12,53,29,10,1,1,12,2,6,43,1,20,19,1,20,1,0,0,1,3,2,3
R253,0,0,4,0,0,3,0,0,9,75,32,23,0,1,11,1,10,29,5,17,20,8,19,1,1,0,0,1,0,0
R254,0,3,0,0,0,2,0,0,15,83,29,33,1,1,24,1,8,45,4,22,26,9,20,1,1,0,1,2,2,3
R255,0,0,7,0,0,0,0,0,37,263,98,76,1,4,38,10,29,69,4,40,37,20,65,2,3,0,4,1,11,4
