Grids,R0C0,R0C1,R0C2,R0C3,R0C4,R1C0,R1C1,R1C2,R1C3,R1C4,R2C0,R2C1,R2C2,R2C3,R2C4,R3C0,R3C1,R3C2,R3C3,R3C4,R4C0,R4C1,R4C2,R4C3,R4C4
B0,0,10,14,0,0,0,94,143,81,0,1,0,160,0,0,171,680,19,0,0,186,2995,556,322,0
B1,0,0,3,0,0,0,13,13,6,0,0,0,31,0,0,32,106,4,0,0,43,438,71,46,0
B2,0,0,1,0,0,0,15,19,13,0,0,0,45,0,0,44,109,8,1,0,51,508,81,47,0
B3,0,0,3,0,0,0,14,16,3,0,0,0,23,0,0,42,109,14,0,0,55,433,100,43,1
B4,0,2,6,0,0,0,15,17,7,0,1,0,21,0,0,54,102,10,1,0,77,434,93,73,0
B5,0,4,11,0,0,0,24,26,8,0,0,0,21,0,0,65,97,17,0,0,68,347,79,58,0
B6,0,1,9,0,0,0,27,10,6,0,0,0,15,0,0,48,108,12,0,0,80,301,91,74,0
B7,0,3,13,0,0,0,31,13,11,0,0,1,14,0,0,55,83,14,0,0,64,323,91,82,0
B8,0,2,14,0,0,0,30,14,5,0,0,0,11,0,0,63,57,22,0,0,108,267,91,106,0
B9,0,3,11,0,0,0,46,14,7,0,1,1,26,0,0,61,75,16,1,0,116,279,109,109,0
B10,0,3,20,0,0,0,44,10,8,0,0,1,9,1,0,56,61,24,0,1,122,269,91,93,1
B11,0,3,20,0,0,0,40,14,4,0,1,3,19,0,0,52,64,27,0,1,105,246,90,111,1
B12,0,5,16,0,0,0,57,10,9,0,0,3,11,0,0,42,75,31,0,1,126,261,106,102,2
B13,0,9,16,0,0,0,61,4,11,0,0,5,6,0,0,51,80,28,0,1,104,214,96,160,2
B14,0,5,19,0,0,0,64,6,5,0,0,2,13,0,0,59,68,34,1,1,122,210,91,152,2
B15,0,1,17,0,0,0,56,7,11,0,0,5,11,0,0,54,68,37,2,1,122,177,98,131,9
B16,0,3,20,0,0,0,84,7,11,0,0,2,8,1,0,53,58,30,1,1,122,191,98,174,4
B17,0,6,27,3,0,0,72,7,11,0,0,4,17,0,0,63,50,35,3,0,120,181,117,167,4
B18,0,9,27,0,0,0,75,7,11,0,0,5,8,0,0,45,54,29,1,0,120,161,110,154,5
B19,0,10,34,1,0,0,77,6,7,0,2,8,11,0,0,64,67,33,2,2,114,169,105,162,7
B20,0,9,34,3,0,0,76,10,5,0,1,7,10,0,0,52,49,48,0,3,115,160,142,194,8
B21,0,6,37,2,0,0,97,6,11,0,3,12,19,1,0,53,46,48,0,3,102,131,135,169,14
B22,0,9,51,0,0,0,98,14,9,0,1,13,12,0,0,65,50,49,1,1,80,124,142,216,13
B23,0,7,40,2,0,1,89,6,10,0,1,23,24,4,0,78,46,47,3,3,108,105,115,189,14
B24,0,18,59,5,0,0,99,11,13,0,3,16,13,1,0,55,39,63,1,2,95,115,135,216,16
B25,0,15,50,4,0,0,79,9,10,0,4,18,19,2,0,66,40,60,2,5,106,107,139,219,14
B26,0,19,60,1,0,0,81,8,10,0,3,23,19,0,0,56,57,56,1,3,89,114,140,194,16
B27,0,17,67,7,0,0,74,14,18,0,2,27,20,1,0,57,50,50,5,4,83,88,145,203,20
B28,0,17,64,3,0,0,87,10,14,0,3,35,18,2,0,64,54,56,3,2,98,78,126,200,30
B29,0,29,56,7,0,0,95,7,14,0,6,48,15,1,0,58,50,65,1,4,81,83,156,227,24
B30,0,24,52,5,0,1,89,13,13,0,7,50,23,1,0,61,58,72,12,5,74,78,155,208,29
B31,0,27,68,6,0,0,99,8,23,0,4,46,37,3,0,65,48,81,5,5,87,70,159,222,23
B32,0,23,78,8,0,0,93,13,20,0,8,42,27,1,0,63,59,73,3,5,78,82,154,209,21
B33,0,26,71,9,0,0,101,13,34,0,5,40,38,2,0,56,47,81,9,3,66,59,186,224,27
B34,0,28,77,9,0,0,103,7,24,0,13,58,22,0,0,57,48,82,6,2,61,69,164,200,35
B35,0,28,92,13,0,0,91,18,25,0,15,58,36,3,0,39,38,77,6,8,49,52,177,209,42
B36,0,27,77,10,0,1,96,21,25,0,12,49,42,1,0,48,38,89,7,11,40,57,173,232,33
B37,0,31,75,7,0,1,91,10,26,0,14,45,40,2,0,39,42,84,9,6,49,58,152,189,30
B38,0,22,91,14,0,1,114,21,28,0,19,67,37,2,0,47,45,81,8,6,43,61,184,212,36
B39,0,43,96,12,0,0,102,24,36,0,19,70,38,2,0,48,35,82,11,15,42,50,169,209,34
B40,0,48,92,18,0,3,124,24,35,0,19,53,50,4,0,37,45,86,6,17,45,42,155,190,24
B41,0,41,84,16,0,2,117,28,47,0,23,50,51,4,0,42,45,88,13,8,44,39,167,169,35
B42,0,36,99,11,0,1,96,29,51,0,25,59,56,6,0,29,30,87,6,8,39,36,187,192,39
B43,0,37,87,21,0,1,113,27,68,0,22,57,57,3,0,26,28,102,8,12,38,38,168,163,30
B44,0,42,96,21,0,2,134,32,63,0,35,47,51,11,0,37,43,98,11,9,36,50,154,153,43
B45,0,37,110,14,0,3,113,34,65,0,33,63,59,8,0,25,40,92,14,18,29,42,174,151,37
B46,0,40,97,20,0,2,135,41,83,0,39,61,51,9,0,30,46,91,15,14,21,34,178,150,39
B47,0,43,106,28,0,3,111,33,73,0,34,66,61,11,0,29,37,86,18,12,24,43,158,161,39
B48,0,33,112,26,0,2,125,47,75,0,31,72,64,7,0,23,44,75,17,11,21,31,191,152,25
B49,0,47,109,19,0,3,126,62,99,0,36,68,67,10,0,29,44,80,20,10,28,42,187,146,29
B50,0,37,116,27,0,3,129,44,98,0,36,73,59,10,0,21,41,78,18,14,28,40,157,164,36
B51,0,38,107,30,0,5,141,51,112,0,38,64,65,8,0,36,52,69,11,22,33,41,158,144,36
B52,0,29,134,30,0,6,121,71,103,0,37,68,72,13,0,30,37,82,16,12,30,34,179,131,31
B53,0,40,110,30,0,3,157,59,117,0,30,78,80,16,0,30,46,63,12,15,15,20,195,137,30
B54,0,44,103,31,0,4,159,64,130,0,34,96,81,14,0,27,39,69,28,16,20,29,150,143,18
B55,0,38,115,39,0,6,157,79,149,0,39,79,86,17,0,22,48,65,25,16,24,34,179,133,25
B56,0,48,108,32,0,3,140,66,151,0,56,77,96,16,0,13,54,76,24,28,21,30,197,124,35
B57,0,55,118,49,0,5,172,79,160,0,49,71,85,17,0,17,39,74,29,15,25,22,169,110,29
B58,0,38,104,49,0,6,151,92,148,0,45,93,112,20,0,24,61,76,29,16,21,24,174,100,18
B59,0,50,123,47,0,4,153,114,184,0,49,90,108,32,0,20,70,85,20,18,21,24,156,87,22
B60,0,53,126,49,0,2,144,122,156,0,45,87,96,27,0,13,46,63,25,17,19,31,153,103,28
B61,0,49,113,63,0,4,145,119,161,0,31,95,146,26,0,15,53,62,34,21,15,32,163,93,23
B62,0,57,119,59,0,6,142,118,196,0,47,91,123,35,0,16,53,85,15,22,19,20,156,89,21
B63,0,41,102,80,0,6,171,129,168,0,56,85,133,25,0,8,71,65,24,18,21,31,134,109,17
B64,0,35,106,78,0,3,140,131,199,0,40,90,150,24,0,15,56,65,32,29,11,37,149,93,24
B65,0,64,107,79,0,7,154,164,181,0,50,93,145,31,0,17,47,62,34,19,16,35,138,94,20
B66,0,59,131,49,0,5,152,144,184,0,60,106,168,41,0,15,78,70,37,25,14,25,125,76,17
B67,0,58,113,67,0,4,156,166,195,0,47,99,164,50,0,12,58,58,36,24,18,30,136,80,17
B68,0,58,115,66,0,3,163,191,188,0,53,109,166,49,0,12,74,48,41,21,8,21,121,83,23
B69,0,46,120,89,0,12,170,172,211,0,54,104,195,41,0,12,60,66,45,27,13,44,109,83,16
B70,0,56,94,78,0,6,161,199,212,0,61,121,182,59,0,14,73,64,31,15,15,26,123,62,17
B71,0,50,94,90,0,5,163,208,218,0,48,85,168,45,0,10,84,55,42,15,10,30,125,86,15
B72,0,50,88,81,0,10,177,208,185,0,62,108,192,54,2,14,62,56,50,18,12,31,109,84,12
B73,0,37,90,93,0,3,177,222,188,0,60,119,177,59,1,16,70,67,46,22,13,42,129,68,16
B74,0,69,88,92,0,6,161,231,199,0,41,143,183,80,1,16,79,64,44,34,19,35,110,66,25
B75,0,42,73,82,0,10,165,250,207,0,51,108,183,70,1,9,99,68,40,25,16,39,95,69,8
B76,0,38,85,105,0,9,177,263,224,0,40,125,213,89,0,4,92,48,52,31,12,42,88,62,12
B77,0,38,74,92,0,8,171,247,202,0,51,111,223,88,1,14,92,62,52,22,19,39,101,67,15
B78,0,35,94,57,0,7,155,258,177,0,68,137,238,94,7,11,104,65,37,14,12,29,105,65,18
B79,0,46,88,78,0,6,154,297,173,0,49,140,218,98,3,15,86,58,67,23,17,37,93,64,13
B80,0,33,70,66,0,9,148,306,157,0,53,147,191,107,4,14,81,53,41,36,14,40,102,70,17
B81,0,46,79,54,0,11,140,259,160,0,59,147,218,102,7,13,99,50,53,20,15,64,78,69,16
B82,0,33,81,74,0,7,120,270,163,0,46,152,236,107,6,13,106,60,75,32,12,47,82,50,12
B83,0,30,65,72,0,6,146,271,157,0,43,161,218,132,10,9,112,61,60,27,13,45,85,73,14
B84,0,29,62,74,0,7,149,266,131,0,48,157,213,138,5,5,125,62,58,19,11,45,92,76,17
B85,0,32,63,52,0,3,109,284,146,0,46,157,208,134,13,10,107,59,81,25,8,35,81,65,17
B86,0,28,72,40,0,8,132,276,127,0,29,171,197,172,7,10,119,57,64,19,14,62,65,71,16
B87,0,30,64,44,0,3,148,279,127,0,31,155,181,170,15,7,136,60,64,26,13,61,63,62,17
B88,0,26,74,57,0,8,116,254,148,0,30,180,195,173,9,12,116,61,60,30,17,43,70,70,19
B89,0,24,72,32,0,10,112,249,114,0,25,170,168,164,17,8,117,46,80,17,11,40,71,80,14
B90,0,23,62,44,0,4,98,224,132,0,33,181,170,182,22,6,142,70,71,33,15,49,61,63,11
B91,0,26,74,43,0,3,123,239,119,0,25,174,152,207,21,10,121,65,86,20,9,49,49,72,14
B92,0,28,64,45,0,4,103,245,110,1,30,196,143,174,23,9,134,53,81,22,13,57,53,46,15
B93,0,23,45,37,0,3,62,208,124,0,22,166,145,209,29,13,132,67,91,19,13,55,66,62,18
B94,0,30,56,37,0,1,82,232,121,1,27,189,136,209,39,11,139,54,94,17,11,51,55,56,12
B95,0,15,50,44,0,3,101,212,113,2,21,201,120,208,37,9,166,67,107,25,13,46,55,67,14
B96,0,26,52,36,0,7,96,193,91,0,19,199,134,238,29,9,157,66,108,27,11,52,50,52,17
B97,0,16,36,37,0,4,78,213,92,0,32,181,135,232,29,8,149,57,126,21,22,47,47,49,14
B98,0,27,51,22,0,3,75,187,104,1,24,236,115,254,40,7,142,55,106,27,13,43,51,57,20
B99,0,17,43,25,0,3,90,161,92,0,23,184,106,227,33,8,143,50,134,20,15,42,44,47,19
B100,0,19,43,27,0,3,66,179,96,2,22,168,103,250,49,8,146,68,135,22,18,50,36,39,15
B101,0,16,44,29,0,4,56,180,112,5,12,186,104,219,51,10,135,58,134,19,17,40,48,31,12
B102,0,20,25,24,0,2,67,173,92,0,20,192,119,282,42,10,125,55,146,18,11,35,39,41,15
B103,0,20,41,17,0,2,60,126,95,0,11,188,107,248,66,12,133,50,150,14,15,42,40,36,15
B104,0,18,24,18,0,3,54,144,70,3,17,167,90,256,49,11,129,46,148,22,13,40,23,53,12
B105,0,17,37,22,0,2,59,158,84,1,17,171,88,255,64,6,142,35,128,18,9,34,33,42,10
B106,0,12,18,19,0,1,72,122,83,1,14,175,106,230,45,11,145,59,164,24,8,45,29,30,11
B107,0,7,20,15,0,3,54,122,66,2,8,175,91,248,50,12,146,47,179,21,8,40,32,31,17
B108,0,11,29,21,0,0,45,116,86,3,20,158,84,255,42,6,120,39,169,16,12,26,17,47,17
B109,0,14,23,16,0,4,44,125,77,3,13,142,77,236,61,7,131,60,190,20,14,32,26,32,3
B110,0,22,19,16,0,3,46,107,74,2,21,161,86,261,55,9,115,43,174,29,10,34,18,32,17
B111,0,12,20,10,0,2,52,97,81,5,14,160,91,236,49,9,133,46,214,25,12,27,19,32,13
B112,0,18,22,17,0,3,32,92,85,0,13,180,60,242,52,12,136,56,216,21,11,25,13,24,7
B113,0,11,14,23,0,3,31,105,77,1,21,144,69,233,50,9,124,48,215,31,14,29,17,32,13
B114,0,12,16,15,0,4,38,83,79,4,11,143,69,221,53,4,118,40,246,23,14,20,9,28,16
B115,0,16,18,17,0,3,41,106,99,2,11,134,69,216,50,6,118,50,223,21,11,17,12,23,16
B116,0,12,22,13,0,1,31,107,86,4,15,150,57,199,49,4,102,51,226,22,11,20,19,21,10
B117,0,18,15,10,0,2,34,67,75,1,9,155,60,205,39,9,127,43,228,33,17,15,8,17,13
B118,0,11,14,14,0,4,37,82,77,2,5,140,68,186,42,10,122,61,252,10,10,14,11,20,8
B119,0,15,16,7,0,4,28,75,80,7,14,123,68,220,41,12,114,40,206,25,8,13,11,18,12
B120,0,11,13,12,0,3,41,69,75,1,14,132,59,204,30,11,122,47,237,36,14,17,7,18,5
B121,0,24,15,15,0,2,34,59,79,0,9,121,59,151,34,10,124,40,244,26,13,9,7,21,14
B122,0,11,16,25,0,3,35,70,84,2,13,105,59,176,30,9,109,48,267,15,10,11,10,19,8
B123,0,12,10,11,0,2,31,47,75,1,9,139,50,170,24,12,105,49,255,21,16,10,8,14,15
B124,0,14,13,8,0,0,24,38,56,1,7,130,37,167,30,6,94,53,214,19,14,7,3,20,8
B125,0,9,16,17,0,4,18,48,80,1,8,101,45,161,22,6,82,47,264,24,15,3,5,12,15
B126,0,12,13,18,0,1,21,34,67,2,16,107,52,142,34,10,103,49,270,19,15,5,4,15,13
B127,0,9,8,17,0,3,14,36,74,1,16,87,51,143,24,6,110,44,250,7,15,4,1,16,10
B128,0,13,14,12,0,1,30,34,73,1,12,98,38,134,29,13,99,48,243,24,14,2,4,15,14
B129,0,6,13,11,0,1,19,30,62,3,13,104,52,124,23,8,112,41,232,19,7,7,5,11,10
B130,0,13,15,16,0,4,15,37,58,2,9,84,41,113,29,7,89,48,260,19,11,3,1,7,11
B131,0,19,12,9,0,0,24,31,60,0,9,83,55,122,28,9,99,37,224,16,8,5,2,8,10
B132,0,18,20,15,0,8,17,25,52,0,15,70,53,124,30,3,81,45,249,14,12,4,2,10,9
B133,0,8,14,13,0,1,21,19,59,2,14,91,40,109,20,8,96,48,231,17,7,1,2,5,15
B134,0,17,12,13,0,5,12,27,61,0,19,83,45,107,35,12,70,33,240,9,9,2,1,10,16
B135,0,11,17,9,0,3,16,19,41,0,15,69,59,110,22,7,79,49,236,16,16,2,0,8,12
B136,0,8,11,10,0,1,10,13,55,1,10,83,36,82,16,8,87,52,213,16,10,0,2,5,13
B137,0,14,9,11,0,1,19,15,43,1,14,58,33,94,22,8,71,36,203,13,10,0,3,6,10
B138,0,14,8,16,0,2,13,9,51,0,15,66,36,78,25,8,69,39,181,12,13,1,2,4,7
B139,0,8,13,13,0,2,13,25,46,2,19,57,38,78,22,12,69,46,200,12,9,0,0,5,13
B140,0,16,9,18,0,0,14,13,34,0,6,75,39,71,13,12,81,47,167,19,16,1,2,4,11
B141,0,13,16,5,0,3,13,12,43,3,13,46,37,69,19,8,73,53,182,12,9,0,0,4,11
B142,0,11,8,11,0,4,10,9,33,2,12,50,44,62,24,10,59,47,145,11,9,0,0,6,7
B143,0,12,17,7,0,3,10,12,29,1,8,59,28,72,28,11,60,42,144,12,7,0,0,3,11
B144,0,7,12,11,0,1,7,15,38,1,10,42,32,65,16,11,56,56,146,9,4,0,0,2,11
B145,0,14,19,11,0,0,4,9,38,0,14,31,31,58,14,5,59,56,147,14,8,0,0,4,11
B146,0,11,11,8,0,4,13,6,27,2,16,24,31,44,24,13,50,61,108,7,12,0,0,3,8
B147,0,19,16,10,0,6,12,5,22,2,10,29,28,40,15,9,48,38,132,14,11,0,0,3,13
B148,0,10,13,21,0,3,12,7,26,0,12,30,33,47,14,10,56,57,116,11,7,0,0,3,8
B149,0,14,14,14,0,1,9,5,28,1,8,24,38,47,18,8,43,61,87,9,11,0,0,1,12
B150,0,7,19,17,0,2,4,3,29,2,8,25,34,36,15,7,42,53,94,6,14,0,2,2,17
B151,0,18,14,16,0,5,8,4,17,1,15,16,38,36,18,11,53,68,89,8,10,0,1,0,16
B152,0,8,17,18,0,1,8,5,22,0,7,17,36,44,10,13,38,66,76,9,7,0,0,1,8
B153,0,12,11,14,0,2,6,2,33,0,7,22,39,40,11,13,44,47,69,4,11,0,0,1,14
B154,0,14,13,9,0,1,6,1,21,2,19,13,27,29,16,13,38,69,57,9,13,0,0,0,10
B155,0,11,11,15,0,5,3,5,25,1,7,12,40,29,10,14,33,58,45,12,12,0,0,0,12
B156,0,9,20,17,0,0,8,0,19,2,15,12,39,27,16,9,17,72,39,8,12,0,0,2,8
B157,0,13,13,9,0,2,4,0,21,0,15,6,23,42,16,7,24,69,37,13,12,0,0,0,14
B158,0,8,15,14,0,2,6,0,16,0,11,12,36,35,17,7,35,65,37,15,12,0,0,1,17
B159,0,8,16,16,0,0,4,0,7,1,7,12,44,23,12,10,18,80,30,20,9,0,0,0,8
B160,0,11,18,16,0,2,9,1,11,0,10,9,34,21,13,12,16,68,34,18,11,0,0,0,11
B161,0,7,16,13,0,1,1,1,20,1,15,6,41,24,13,7,19,83,22,13,13,0,0,0,12
B162,0,14,12,14,0,5,4,2,11,4,11,7,35,19,15,10,17,69,30,14,9,0,0,2,13
B163,0,10,12,17,0,2,3,2,10,1,10,5,30,20,13,10,16,66,15,9,12,0,0,1,9
B164,0,9,18,10,0,4,5,1,16,0,13,10,37,19,15,16,14,62,12,11,12,0,0,0,11
B165,0,12,17,19,0,5,3,0,9,1,11,2,26,15,13,13,15,76,12,22,10,0,0,0,11
B166,0,14,9,13,0,4,4,2,14,0,14,3,38,9,13,13,11,86,14,15,6,0,0,0,8
B167,0,15,18,14,0,3,5,3,14,1,8,1,29,21,15,12,9,57,10,11,5,0,0,0,15
B168,0,15,11,5,0,2,5,1,9,0,5,4,35,14,11,7,9,78,9,15,14,0,0,0,8
B169,0,19,12,14,0,2,6,2,11,2,11,1,20,14,14,15,8,75,12,12,16,0,0,0,13
B170,0,13,12,20,0,3,2,0,12,1,16,0,24,10,16,17,10,52,5,12,9,0,0,0,11
B171,0,16,20,21,0,1,3,0,11,2,8,2,21,12,12,17,5,74,6,12,10,0,0,0,5
B172,0,18,20,17,0,1,3,0,8,1,7,0,39,3,10,17,7,73,7,10,8,0,0,0,17
B173,0,15,18,10,0,5,2,0,7,3,12,1,34,4,10,13,4,73,7,10,10,0,0,0,12
B174,0,12,15,24,0,3,7,0,17,1,8,1,23,8,9,7,4,66,3,9,15,0,0,0,13
B175,0,21,25,17,0,4,6,0,13,0,18,2,26,10,15,11,6,63,8,8,9,0,0,0,18
B176,0,16,13,17,0,2,7,0,12,1,9,0,18,17,13,20,4,74,8,9,14,0,0,0,15
B177,0,14,24,17,0,4,4,1,11,1,16,1,28,5,9,13,5,94,4,13,14,0,0,0,20
B178,0,15,16,20,0,1,4,0,3,5,8,0,29,8,11,15,3,66,3,12,17,0,0,0,9
B179,0,12,27,8,0,2,1,0,6,2,14,1,21,2,15,15,2,76,2,14,10,0,0,0,18
B180,0,8,16,16,0,3,2,0,8,1,10,1,16,14,10,14,1,89,3,11,13,0,0,0,9
B181,0,15,25,19,0,5,2,0,7,2,11,0,31,5,16,15,0,83,1,10,12,0,0,0,22
B182,0,11,32,17,0,1,4,0,7,3,10,0,18,10,14,18,0,78,2,11,16,0,0,0,14
B183,0,14,9,16,0,4,6,0,6,2,7,0,20,10,16,12,2,108,3,10,13,0,0,0,13
B184,0,13,24,21,0,2,3,0,9,2,15,0,27,11,10,23,0,88,2,8,8,0,0,0,15
B185,0,23,18,14,0,4,5,0,9,2,14,0,24,3,11,14,1,94,2,12,13,0,0,0,4
B186,0,19,25,19,0,2,7,0,4,2,14,0,19,8,15,12,2,92,3,14,6,0,0,0,18
B187,0,16,19,18,0,7,7,0,8,2,13,0,24,7,11,15,1,104,0,23,18,0,0,0,12
B188,0,10,17,19,0,8,3,1,2,1,13,1,20,5,17,18,0,91,2,16,10,0,0,0,13
B189,0,14,16,22,0,1,2,0,1,1,13,0,12,7,20,16,0,103,1,17,14,0,0,0,10
B190,0,12,22,15,0,5,2,0,6,10,12,0,14,10,6,20,0,104,1,13,11,0,0,0,17
B191,0,25,22,16,0,4,3,0,3,4,5,0,14,3,14,18,0,125,0,17,20,0,0,0,12
B192,0,20,15,17,0,6,2,0,6,2,10,0,21,11,19,22,0,101,0,10,13,0,0,0,17
B193,0,22,19,20,0,4,2,0,11,4,16,0,11,8,10,20,0,88,0,17,15,0,0,0,15
B194,0,13,15,16,0,3,6,0,9,7,9,0,18,6,13,22,0,134,1,13,11,0,0,0,15
B195,0,17,28,25,0,5,2,0,3,2,16,0,14,12,13,15,0,99,3,17,13,0,0,0,19
B196,0,15,31,23,0,2,4,0,12,4,7,0,13,7,10,20,0,83,3,23,15,0,0,0,23
B197,0,19,16,38,0,5,3,0,7,0,12,0,18,5,14,13,1,98,1,16,12,0,0,0,23
B198,0,18,16,21,0,6,5,0,7,4,18,1,14,6,16,12,0,95,0,11,14,0,0,0,18
B199,0,12,19,21,0,3,3,0,7,0,11,0,9,4,10,21,0,91,1,19,12,0,0,0,14
B200,0,15,20,22,0,2,3,0,7,2,8,0,14,3,10,16,0,91,2,24,14,0,0,0,21
B201,0,23,20,17,0,8,0,0,8,1,14,0,5,2,20,19,0,89,1,15,18,0,0,0,16
B202,0,19,22,33,0,3,0,0,10,8,17,1,6,8,12,16,0,93,0,18,16,0,0,0,18
B203,0,31,26,20,0,5,4,0,6,8,12,0,3,1,13,17,0,101,0,20,18,0,0,0,25
B204,0,23,19,18,0,2,2,0,2,1,11,0,3,3,10,28,1,79,1,12,13,0,0,0,23
B205,0,19,27,18,0,7,4,0,5,2,12,1,2,1,17,24,0,91,1,17,15,0,0,0,21
B206,0,20,23,16,0,3,3,0,3,8,10,0,3,4,15,15,0,90,0,13,21,0,0,0,16
B207,0,21,18,31,0,2,3,0,4,5,11,0,1,3,17,17,0,83,0,17,12,0,0,0,27
B208,0,17,14,22,0,8,7,0,9,5,16,0,0,2,14,19,0,90,0,13,17,0,0,0,19
B209,0,22,25,25,0,6,5,0,10,4,11,0,2,0,15,27,0,73,0,9,23,0,0,0,27
B210,0,19,20,21,0,5,8,0,8,8,11,0,0,0,12,25,0,65,0,17,19,0,0,0,29
B211,0,29,26,27,0,4,3,0,9,3,11,0,0,0,22,14,0,60,0,13,19,0,0,0,27
B212,0,37,28,24,0,2,3,0,3,4,14,0,1,1,9,12,0,51,0,16,27,0,0,0,13
B213,0,27,24,26,0,1,0,0,9,5,17,0,0,0,15,18,0,37,0,20,20,0,0,0,21
B214,0,27,18,25,0,5,6,0,4,6,19,0,0,0,17,22,0,32,0,17,26,0,0,0,27
B215,0,31,24,26,0,6,7,0,1,9,13,0,0,0,20,19,0,24,0,18,20,0,0,0,16
B216,0,24,29,37,0,6,3,0,7,8,14,0,0,1,20,21,0,27,0,23,25,0,0,0,18
B217,0,26,42,19,0,4,7,0,8,7,10,0,0,0,16,22,0,21,0,24,19,0,0,0,15
B218,0,37,20,36,0,4,0,0,9,4,21,0,0,0,22,19,0,18,0,16,25,0,0,0,14
B219,0,33,23,30,0,7,3,0,4,5,21,0,0,0,14,17,0,16,0,17,18,0,0,0,19
B220,0,18,29,39,0,2,6,0,8,13,16,0,0,0,11,19,0,7,0,12,29,0,0,0,30
B221,0,28,25,31,0,4,7,0,7,11,20,0,0,0,15,22,0,10,0,23,24,0,0,0,28
B222,0,42,33,24,0,5,4,0,9,12,20,0,0,0,20,20,0,2,0,23,30,0,0,0,18
B223,0,36,33,32,0,5,7,0,7,7,22,0,0,0,20,26,0,4,0,21,26,0,0,0,22
B224,0,39,37,24,0,5,1,0,4,12,16,0,0,0,29,19,0,3,0,30,28,0,0,0,24
B225,0,23,30,33,0,5,9,0,6,5,25,0,0,0,22,24,0,1,0,20,22,0,0,0,27
B226,0,28,35,36,0,2,9,0,3,6,14,0,0,0,15,27,0,0,0,22,33,0,0,0,17
B227,0,45,43,43,0,4,6,0,8,8,22,0,0,0,21,23,0,0,0,26,31,0,0,0,27
B228,0,25,40,42,0,7,15,0,9,12,22,0,0,0,21,25,0,0,0,23,36,0,0,0,21
B229,0,36,46,48,0,3,9,0,5,10,23,0,0,0,17,21,0,0,0,29,26,0,0,0,18
B230,0,36,24,30,0,6,10,0,4,11,23,0,0,0,21,15,0,0,0,23,26,0,0,0,20
B231,0,33,36,33,0,4,7,0,5,13,23,0,0,0,18,31,0,0,0,28,33,0,0,0,19
B232,0,36,33,49,0,5,3,0,3,7,20,0,0,0,21,28,0,0,0,40,25,0,0,0,19
B233,0,31,43,41,0,12,7,0,6,10,25,0,0,0,27,27,0,0,0,25,45,0,0,0,26
B234,0,31,39,40,0,7,4,0,3,7,23,0,0,0,28,18,0,0,0,22,42,0,0,0,27
B235,0,36,53,48,0,6,10,0,7,6,20,0,0,0,30,28,0,0,0,41,31,0,0,0,29
B236,0,40,53,50,0,11,14,0,5,10,30,0,0,0,32,32,0,0,0,22,52,0,0,0,23
B237,0,36,58,38,0,5,9,0,6,11,35,0,0,0,29,33,0,0,0,25,33,0,0,0,24
B238,0,39,55,42,0,13,9,0,9,10,21,0,0,0,33,30,0,0,0,30,30,0,0,0,28
B239,0,40,45,58,0,15,13,0,1,9,34,0,0,0,21,31,0,0,0,32,32,0,0,0,46
B240,0,50,68,67,0,2,10,0,5,11,26,0,0,0,40,21,0,0,0,44,39,0,0,0,25
B241,0,49,57,59,0,11,15,0,3,18,23,0,0,0,34,24,0,0,0,42,37,0,0,0,31
B242,0,49,66,67,0,14,11,0,6,15,36,0,0,0,25,39,0,0,0,47,40,0,0,0,41
B243,0,67,67,77,0,7,17,0,4,23,26,0,0,0,36,42,0,0,0,35,40,0,0,0,30
B244,0,55,79,74,0,18,9,0,8,23,14,0,0,0,35,40,0,0,0,44,41,0,0,0,39
B245,0,73,82,74,0,10,19,0,4,26,27,0,0,0,47,40,0,0,0,39,67,0,0,0,37
B246,0,66,93,67,0,5,17,0,5,20,30,0,0,0,48,48,0,0,0,40,40,0,0,0,42
B247,0,75,117,95,0,13,8,0,14,33,49,0,0,0,38,33,0,0,0,78,49,0,0,0,57
B248,0,86,111,96,0,12,9,0,9,31,41,0,0,0,52,47,0,0,0,82,71,0,0,0,39
B249,0,114,137,107,0,19,19,0,12,32,54,0,0,0,44,64,0,0,0,48,71,0,0,0,74
B250,0,129,162,131,0,18,18,0,18,31,63,0,0,0,46,86,0,0,0,69,73,0,0,0,69
B251,0,109,147,147,0,29,26,0,22,43,67,0,0,0,102,112,0,0,0,65,81,0,0,0,98
B252,0,132,181,133,0,39,22,0,14,43,101,0,0,0,90,96,0,0,0,80,105,0,0,0,100
B253,0,291,290,270,0,55,51,0,33,91,146,0,0,0,147,161,0,0,0,101,158,0,0,0,207
B254,0,937,890,769,0,164,195,0,119,127,374,0,0,0,389,229,0,0,0,415,515,0,0,0,292
B255,13530,5841,981,5291,13200,12316,269,0,237,12163,7963,0,0,0,8481,7114,0,0,0,8248,4849,0,0,0,7688
G0,0,0,1,0,0,0,9,41,31,0,0,0,89,0,0,29,223,1,0,0,37,1498,164,40,0
G1,0,1,0,0,0,0,3,17,4,0,0,0,50,0,0,18,49,0,0,0,21,385,29,6,0
G2,0,0,0,0,0,0,4,8,4,0,0,0,35,0,0,6,59,1,0,0,22,402,39,15,0
G3,0,0,0,0,0,0,7,12,1,0,0,0,32,0,0,18,74,0,0,0,23,388,36,11,0
G4,0,1,1,0,0,0,2,11,2,0,0,0,21,0,0,17,83,0,0,0,25,372,49,11,0
G5,0,0,2,0,0,0,7,16,3,0,0,0,24,0,0,9,79,1,0,0,32,352,45,14,0
G6,0,0,2,0,0,0,7,5,3,0,0,0,17,0,0,21,72,0,0,0,33,307,53,18,0
G7,0,0,1,0,0,0,5,13,6,0,0,0,17,0,0,32,74,0,0,0,29,288,52,18,0
G8,0,1,0,0,0,0,9,7,6,0,0,0,9,0,0,34,69,0,0,0,51,250,50,20,0
G9,0,0,1,0,0,0,9,10,2,0,0,0,8,0,0,40,82,1,0,0,43,265,43,28,0
G10,0,2,6,0,0,0,8,7,3,0,0,0,15,0,0,42,67,0,0,0,67,283,48,32,0
G11,0,0,3,0,0,0,14,16,5,0,0,0,9,0,0,34,77,4,0,0,67,252,43,27,0
G12,0,0,6,0,0,0,17,5,6,0,0,0,10,0,0,37,76,4,0,0,73,252,61,35,0
G13,0,0,5,0,0,0,16,11,4,0,0,0,13,0,0,38,51,4,0,0,75,249,58,35,0
G14,0,2,6,0,0,0,19,14,2,0,0,0,8,0,0,40,54,7,0,0,83,228,54,37,1
G15,0,0,6,0,0,0,18,9,1,0,0,0,8,0,0,48,56,2,0,0,94,210,52,55,0
G16,0,0,8,0,0,0,29,10,4,0,0,0,4,0,0,45,44,10,0,0,106,217,55,54,0
G17,0,1,4,0,0,0,27,5,5,0,0,0,11,0,0,49,55,7,0,0,85,213,48,61,0
G18,0,1,9,0,0,0,24,8,2,0,0,0,4,0,0,43,57,7,2,0,95,199,62,78,0
G19,0,1,10,0,0,0,33,6,6,0,0,0,5,0,0,46,49,6,0,1,109,184,52,65,3
G20,0,1,9,0,0,0,44,10,3,0,0,0,11,0,0,45,65,8,0,0,94,175,51,81,0
G21,0,1,6,0,0,0,44,5,8,0,0,0,7,0,0,44,43,15,0,0,100,194,73,86,2
G22,0,2,11,0,0,0,54,7,1,0,0,0,12,0,0,45,42,10,0,0,102,156,55,81,4
G23,0,5,12,0,0,0,47,10,6,0,0,0,11,0,0,56,33,20,1,1,97,173,73,96,2
G24,0,3,13,0,0,0,53,2,2,0,0,0,5,0,0,31,37,15,0,0,98,160,74,120,4
G25,0,2,14,0,0,0,50,5,7,0,1,0,9,0,0,56,34,12,0,1,103,155,57,102,5
G26,0,2,14,0,0,0,54,4,8,0,0,0,13,0,0,43,39,15,1,1,97,138,60,101,12
G27,0,1,15,0,0,0,56,7,5,0,0,0,12,0,0,46,46,27,1,2,114,142,71,127,8
G28,0,6,16,0,0,0,57,7,4,0,0,0,10,0,0,40,34,24,0,1,101,128,81,143,13
G29,0,3,21,0,0,0,41,7,4,0,0,0,10,0,0,41,33,19,1,0,86,105,72,141,6
G30,0,5,14,0,0,0,60,7,6,0,0,0,7,0,0,60,39,29,1,1,111,118,94,152,10
G31,0,5,21,0,0,0,50,5,6,0,0,0,14,0,0,55,29,24,0,1,85,104,78,152,16
G32,0,5,25,0,0,0,76,7,8,0,1,0,7,0,0,35,32,24,3,2,117,110,87,141,12
G33,0,6,21,0,0,0,51,3,4,0,0,0,11,0,0,58,28,31,3,4,93,122,91,168,9
G34,0,6,28,0,0,0,57,4,4,0,0,1,6,0,0,51,36,31,0,3,89,103,103,164,18
G35,0,8,17,0,0,0,51,7,5,0,0,0,8,0,0,55,49,27,1,2,88,102,117,185,19
G36,0,4,29,0,0,0,67,5,5,0,0,1,14,0,0,55,37,36,1,2,94,72,102,183,14
G37,0,5,24,0,0,0,77,6,3,0,0,2,12,0,0,49,32,23,0,5,73,70,102,186,25
G38,0,7,22,0,0,0,45,9,5,0,1,3,12,1,0,41,34,21,2,2,77,91,100,203,25
G39,0,5,21,3,0,0,44,8,7,0,0,2,6,0,0,60,32,26,1,1,88,69,99,171,31
G40,0,13,25,1,0,0,58,6,6,0,0,6,13,0,0,50,46,28,1,5,80,68,105,174,18
G41,0,15,33,1,0,0,59,7,8,0,0,10,16,0,0,63,32,41,2,2,78,73,106,183,23
G42,0,20,49,1,0,0,54,3,3,0,0,3,6,0,0,54,40,39,1,3,57,55,107,172,29
G43,0,10,36,2,0,1,64,7,6,0,0,8,11,0,0,60,39,35,2,4,64,52,121,193,33
G44,0,8,31,1,0,0,35,3,8,0,0,11,16,0,0,51,30,41,1,2,56,58,125,193,28
G45,0,17,32,2,0,0,59,3,5,0,1,14,19,1,0,49,36,51,0,7,56,46,139,208,28
G46,0,12,29,0,0,0,41,6,6,0,0,11,19,0,0,62,24,31,4,7,41,57,135,184,29
G47,0,14,38,1,0,0,52,6,7,0,1,10,16,1,0,47,29,36,1,9,44,50,133,173,34
G48,0,9,34,4,0,1,50,5,10,0,1,8,18,0,0,34,39,47,6,9,52,51,154,179,33
G49,0,18,44,5,0,1,57,6,13,0,1,17,18,0,0,41,38,48,3,13,46,39,125,163,44
G50,0,10,48,2,0,1,60,7,12,0,0,17,18,0,0,44,34,32,4,12,45,44,141,181,46
G51,0,16,49,3,0,1,57,1,11,0,2,14,27,1,0,42,41,56,7,3,46,46,126,155,28
G52,0,21,42,4,0,0,65,3,6,0,2,24,22,1,0,37,33,44,6,6,35,32,128,183,30
G53,0,24,40,4,0,1,54,8,9,0,2,26,20,1,0,32,32,47,8,10,30,33,117,174,33
G54,0,19,38,6,0,2,63,7,8,0,0,22,29,0,0,41,37,68,6,11,32,38,136,165,33
G55,0,27,58,3,0,4,50,9,9,0,4,27,23,0,0,35,33,84,4,6,33,27,129,158,31
G56,0,18,61,3,0,1,61,13,17,0,2,34,22,0,0,32,34,63,5,8,28,43,124,186,40
G57,0,20,44,8,0,0,55,11,19,0,4,35,19,0,0,29,36,69,9,14,22,28,140,162,36
G58,0,20,62,4,0,0,54,6,8,0,3,45,24,2,0,29,30,79,6,14,44,38,138,168,33
G59,0,20,69,4,0,3,54,4,17,0,2,40,27,1,0,32,39,81,7,16,28,37,130,140,22
G60,0,29,57,7,0,2,60,9,12,0,1,39,28,1,0,43,31,90,7,16,15,23,154,148,38
G61,0,24,49,6,0,1,49,10,14,0,9,35,20,3,0,29,26,77,8,9,30,28,132,150,36
G62,0,26,63,10,0,3,62,11,14,0,5,44,23,1,0,40,44,76,5,11,22,25,150,155,31
G63,0,30,81,7,0,5,63,11,13,0,9,58,25,1,0,23,28,90,6,13,25,34,134,138,32
G64,0,13,66,12,0,4,65,10,17,0,10,49,22,2,0,26,31,75,5,10,16,24,137,138,29
G65,0,31,68,9,0,4,74,8,23,0,8,43,43,3,0,28,32,75,10,19,30,21,142,131,30
G66,0,25,74,13,0,4,59,11,15,0,12,49,51,2,0,19,28,94,13,13,19,29,121,132,19
G67,0,25,90,15,0,5,56,13,19,0,12,49,34,0,0,18,31,96,11,13,11,29,136,118,20
G68,0,30,71,18,0,9,57,14,22,0,13,43,31,2,0,24,31,87,16,17,25,30,129,108,28
G69,0,21,67,15,0,3,73,6,22,0,20,53,54,0,0,17,23,80,16,14,22,21,142,114,25
G70,0,28,77,15,0,4,74,14,26,0,23,55,49,4,0,26,20,79,10,12,13,31,142,105,20
G71,0,33,105,17,0,7,78,16,22,0,18,45,49,4,0,29,29,89,12,15,13,22,146,123,19
G72,0,18,71,16,0,6,66,14,29,0,28,51,39,0,0,24,34,90,15,20,14,31,153,98,21
G73,0,23,87,14,0,3,64,14,25,0,20,48,52,2,0,21,37,84,13,17,11,18,161,88,27
G74,0,26,73,14,0,4,72,23,38,0,18,53,47,3,0,16,31,90,12,14,15,31,136,110,24
G75,0,28,84,13,0,5,80,16,30,0,25,48,46,2,0,18,30,74,16,18,10,25,131,87,25
G76,0,21,86,19,0,5,75,18,27,0,38,55,45,5,0,15,42,66,17,8,20,24,131,95,22
G77,0,32,88,17,0,7,99,11,39,0,32,53,58,2,0,15,43,63,9,21,12,20,133,93,25
G78,0,21,79,18,0,5,98,17,40,0,18,46,61,3,0,9,35,70,16,17,7,19,128,88,15
G79,0,26,94,19,0,10,78,21,35,0,30,56,50,3,0,23,32,64,23,9,12,22,145,69,11
G80,0,19,86,17,0,6,75,10,39,0,40,48,64,2,0,13,33,58,15,19,14,33,157,85,14
G81,0,29,93,23,0,7,78,32,46,0,28,63,54,3,0,23,33,68,18,18,16,16,148,64,19
G82,0,30,75,24,0,6,82,27,44,0,39,60,48,6,0,9,33,82,16,15,17,20,137,76,13
G83,0,30,89,22,0,6,82,29,41,0,32,68,55,8,0,15,31,68,22,15,17,12,153,77,12
G84,0,39,88,27,0,8,95,30,36,0,33,51,71,5,0,17,32,66,11,20,18,16,161,69,15
G85,0,27,78,21,0,6,71,36,45,0,25,66,66,9,0,12,31,63,27,20,19,22,129,51,16
G86,0,28,101,23,0,12,69,39,68,0,41,50,59,9,0,9,45,64,16,17,15,21,119,77,8
G87,0,18,85,24,0,8,107,36,62,0,30,57,67,8,0,15,48,79,23,19,12,13,127,66,19
G88,0,27,91,23,0,10,98,32,62,0,48,50,65,11,0,11,49,54,28,25,15,23,129,62,14
G89,0,20,88,21,0,7,89,47,62,0,48,47,71,11,0,15,34,59,21,26,14,19,115,59,12
G90,0,23,90,22,0,11,111,38,74,0,46,65,76,9,0,22,41,51,25,20,12,24,138,60,15
G91,0,25,78,28,0,6,114,38,66,0,44,63,84,12,0,11,46,62,23,26,8,26,111,58,16
G92,0,34,79,25,0,7,93,59,75,0,47,58,86,11,0,8,38,71,26,18,17,30,117,65,17
G93,0,28,85,40,0,6,103,54,75,0,33,71,71,14,0,12,45,61,24,17,18,21,103,62,16
G94,0,28,89,35,0,6,90,55,70,0,40,51,112,18,0,12,49,55,26,11,14,26,120,64,16
G95,0,42,99,27,0,14,93,55,81,0,40,52,98,11,0,10,41,63,27,23,8,21,106,59,16
G96,0,38,72,32,0,5,100,71,83,0,25,54,94,16,0,9,45,64,25,14,14,21,106,68,18
G97,0,37,78,32,0,9,100,46,114,0,42,67,106,14,0,12,44,54,29,19,9,17,96,59,18
G98,0,19,88,22,0,3,112,81,108,0,39,67,108,26,0,7,61,48,36,23,11,31,105,37,19
G99,0,25,94,38,0,3,104,83,108,0,25,64,95,19,0,12,48,56,37,18,4,22,98,43,19
G100,0,35,88,29,0,8,100,85,129,0,49,65,116,23,0,7,47,63,34,14,16,30,94,47,15
G101,0,40,68,40,0,6,117,81,128,0,39,65,111,33,0,12,56,57,38,21,11,28,106,44,14
G102,0,37,95,30,0,6,116,81,132,0,39,62,128,22,0,16,76,58,31,23,19,25,91,47,17
G103,0,49,74,49,0,5,116,95,130,0,46,68,129,37,0,11,65,52,34,26,18,27,83,52,12
G104,0,43,74,50,0,3,121,128,131,0,34,74,123,31,0,9,59,49,28,17,16,23,91,53,14
G105,0,30,88,49,0,2,118,119,141,0,43,63,126,34,0,7,59,61,50,23,23,30,86,54,18
G106,0,38,74,35,0,7,130,130,151,0,49,70,136,23,0,9,60,55,36,15,16,27,75,62,15
G107,0,34,60,46,0,3,134,135,128,0,33,72,140,46,0,7,65,54,38,13,8,26,87,47,19
G108,0,41,77,51,0,4,119,136,146,0,52,69,145,28,0,9,50,65,41,18,9,27,77,46,20
G109,0,32,86,63,0,3,132,132,171,0,45,75,162,48,0,9,68,59,43,12,15,41,69,51,8
G110,0,40,74,57,0,7,149,143,161,0,40,83,133,43,1,12,65,57,56,12,6,35,77,60,16
G111,0,41,63,62,0,1,146,141,162,0,50,81,148,42,0,10,65,64,31,11,12,35,78,51,16
G112,0,47,67,66,0,1,144,153,149,0,46,88,128,44,0,16,69,53,37,17,11,28,88,44,13
G113,0,41,83,81,0,1,132,141,147,0,55,88,144,39,0,8,69,46,31,21,15,31,57,45,16
G114,0,40,60,61,0,4,149,146,180,0,46,82,145,51,0,11,93,46,55,17,11,35,74,68,15
G115,0,41,59,77,0,4,143,179,166,0,51,77,154,57,0,4,97,51,48,19,14,31,60,58,17
G116,0,38,64,64,0,1,125,190,166,0,42,80,158,51,4,12,68,66,58,13,15,38,81,66,14
G117,0,50,77,55,0,2,123,205,198,0,54,83,156,58,1,8,83,58,57,15,11,47,66,54,13
G118,0,43,66,76,0,2,126,199,163,0,58,94,159,66,3,9,82,71,64,21,13,36,47,46,7
G119,0,41,57,59,0,3,127,213,191,0,39,87,179,69,0,9,98,55,68,19,7,42,67,62,12
G120,0,40,59,84,0,2,118,212,197,0,41,119,179,76,1,12,95,51,56,26,11,43,54,71,11
G121,0,44,58,95,0,5,120,232,174,0,36,97,152,70,2,5,88,48,52,24,9,45,54,59,10
G122,0,31,60,80,0,2,127,244,178,0,37,116,174,89,6,8,109,40,53,22,15,47,40,40,10
G123,0,35,65,86,0,4,138,259,150,0,41,113,158,80,5,10,99,62,56,18,13,47,44,42,8
G124,0,40,62,76,0,7,145,257,185,0,27,114,179,77,5,11,124,48,61,9,15,44,46,43,19
G125,0,32,51,52,0,1,126,252,193,1,38,135,178,111,5,10,126,41,61,22,16,43,47,54,16
G126,0,46,61,61,0,4,130,250,155,0,48,134,189,105,1,7,107,53,63,20,10,42,48,53,9
G127,0,35,68,65,0,3,135,258,171,0,32,128,181,97,5,12,104,62,78,23,14,52,56,43,18
G128,0,26,48,72,0,0,116,258,166,1,39,149,167,96,10,5,129,45,72,20,12,49,41,46,11
G129,0,41,42,43,0,4,131,228,149,0,26,131,151,112,12,16,142,63,86,27,15,39,44,44,15
G130,0,34,52,52,0,3,112,244,152,0,31,142,160,122,5,10,130,52,85,20,14,43,29,61,7
G131,0,42,44,65,0,1,106,246,143,0,33,141,155,138,17,9,143,54,62,18,21,45,48,42,10
G132,0,27,52,52,0,2,98,280,141,2,33,130,165,129,19,10,144,47,71,21,13,48,37,34,11
G133,0,34,70,51,0,2,116,241,114,1,31,141,126,143,10,5,127,48,83,11,9,42,48,48,6
G134,0,29,63,51,0,2,110,253,130,2,16,150,128,138,16,13,126,54,93,22,11,38,26,46,16
G135,0,29,60,57,0,2,104,271,121,4,29,157,142,152,17,8,129,62,105,10,11,41,36,47,14
G136,0,30,52,41,0,2,81,243,119,0,28,161,109,157,23,6,127,47,100,21,9,39,25,30,12
G137,0,25,63,53,0,2,94,196,117,1,29,156,131,173,13,9,149,61,105,21,13,45,33,43,13
G138,0,26,45,49,0,7,90,214,86,2,25,157,113,177,28,11,146,60,111,21,12,42,20,37,6
G139,0,22,58,45,0,3,103,233,113,2,18,171,121,192,25,6,123,44,135,9,16,34,36,32,16
G140,0,29,64,31,0,0,83,207,108,4,24,168,112,197,35,9,137,52,127,15,14,30,22,34,18
G141,0,28,60,50,0,2,85,216,114,4,18,178,135,211,27,6,156,53,105,18,7,31,17,30,12
G142,0,26,59,36,0,5,91,209,124,1,17,180,95,216,39,9,118,53,110,17,14,30,20,29,9
G143,0,29,40,32,0,0,88,167,113,3,21,179,104,201,38,10,146,42,116,26,11,32,17,43,11
G144,0,22,32,50,0,4,80,178,86,1,19,180,115,197,30,11,127,46,141,27,16,24,20,27,16
G145,0,24,34,26,0,3,64,169,100,4,26,191,90,255,29,8,94,55,126,17,8,25,11,27,6
G146,0,30,36,38,0,1,70,199,101,5,24,187,107,211,40,13,135,48,129,20,6,35,14,23,11
G147,0,26,31,34,0,3,76,170,83,2,19,202,102,215,44,5,109,49,120,17,6,22,12,24,11
G148,0,23,42,26,0,1,81,157,74,5,20,204,86,227,32,18,109,53,154,17,6,24,14,29,11
G149,0,24,44,29,0,5,70,156,70,5,14,188,86,223,41,12,108,51,166,15,10,36,11,27,11
G150,0,22,34,12,0,4,71,131,96,0,21,172,93,275,52,16,139,43,173,14,8,18,11,28,8
G151,0,24,32,20,0,2,48,139,97,3,21,177,76,255,48,11,109,44,150,20,10,24,7,23,14
G152,0,26,31,19,0,1,63,127,88,5,15,169,72,261,50,8,130,42,166,20,14,23,3,25,14
G153,0,19,25,18,0,2,48,122,90,2,12,184,63,249,48,8,122,42,184,19,11,14,6,17,11
G154,0,22,25,27,0,2,55,108,94,2,17,154,65,263,54,6,115,42,180,17,11,18,10,24,7
G155,0,17,23,12,0,6,57,117,96,3,17,176,71,269,63,6,117,55,194,16,16,16,5,20,13
G156,0,15,25,19,0,2,52,112,95,4,18,170,71,234,47,9,108,41,186,14,7,16,8,9,13
G157,0,20,22,19,0,3,31,85,93,0,13,181,79,253,59,10,116,47,196,15,7,8,4,13,13
G158,0,8,21,21,0,2,45,83,82,2,20,148,79,228,57,10,100,42,214,23,14,10,2,14,17
G159,0,23,27,20,0,1,34,96,88,1,15,170,70,201,52,11,108,47,218,19,10,8,4,22,12
G160,0,10,22,20,0,1,36,105,74,2,24,157,62,218,53,12,99,67,179,17,16,13,5,17,12
G161,0,22,12,11,0,4,35,70,89,0,11,139,63,209,63,8,101,52,232,15,9,11,2,18,13
G162,0,22,17,13,0,1,31,97,100,0,17,167,63,205,58,10,117,46,231,15,14,5,1,11,19
G163,0,14,21,13,0,0,39,83,76,2,21,145,45,199,59,7,93,51,200,26,13,8,2,13,13
G164,0,18,20,15,0,4,37,88,94,1,20,134,50,251,76,19,100,43,245,20,8,4,5,15,10
G165,0,17,14,20,0,1,31,72,84,4,19,137,58,202,56,11,100,54,236,29,9,6,0,15,9
G166,0,21,14,21,0,2,32,77,84,1,15,111,49,179,51,11,108,63,226,25,8,4,1,8,11
G167,0,13,26,21,0,2,24,61,79,4,20,136,64,198,79,15,101,46,218,31,13,4,1,7,13
G168,0,20,19,23,0,5,23,62,72,0,12,123,52,206,58,7,94,57,226,29,12,2,2,5,12
G169,0,17,13,21,0,6,32,39,103,1,14,117,64,189,63,12,86,65,237,21,6,5,0,10,11
G170,0,7,12,23,0,5,26,42,88,3,12,114,46,176,58,14,105,52,248,24,10,2,1,9,14
G171,0,15,18,16,0,1,34,40,91,1,17,125,47,199,58,15,88,74,254,23,13,1,0,4,12
G172,0,15,19,18,0,5,22,35,87,3,18,109,58,170,53,8,83,72,247,30,11,2,1,12,9
G173,0,16,13,29,0,3,16,41,66,2,15,103,44,159,45,12,84,56,235,18,10,1,0,7,7
G174,0,10,12,18,0,1,24,28,96,5,18,91,57,154,52,15,81,68,249,26,11,0,1,7,16
G175,0,17,14,15,0,1,22,27,84,0,17,109,44,147,38,17,95,75,243,30,5,1,1,2,6
G176,0,8,13,24,0,1,18,26,78,0,17,103,44,141,30,15,78,75,251,21,21,0,1,5,15
G177,0,15,21,13,0,4,16,34,92,1,12,72,48,153,41,16,71,49,239,28,13,1,0,8,16
G178,0,27,14,20,0,2,24,19,71,2,15,80,49,148,42,13,74,81,227,17,6,0,0,9,9
G179,0,21,21,24,0,5,19,19,69,1,11,95,42,131,30,13,73,71,232,21,10,0,0,3,14
G180,0,16,20,14,0,3,13,16,81,1,10,84,44,126,20,14,76,71,198,21,13,0,0,2,13
G181,0,14,19,17,0,5,15,15,68,1,15,64,51,128,36,17,74,88,208,12,16,0,0,0,18
G182,0,16,19,18,0,1,9,18,63,2,15,65,55,110,23,18,66,86,189,26,17,0,2,7,16
G183,0,24,23,22,0,2,6,11,73,1,16,60,42,106,33,12,66,86,162,17,8,0,1,3,22
G184,0,14,16,23,0,5,14,10,62,0,6,57,47,100,25,17,66,103,191,15,18,0,0,1,10
G185,0,22,19,19,0,2,13,15,47,2,10,52,40,96,23,14,65,91,156,12,14,0,0,3,22
G186,0,19,28,18,0,2,11,6,43,2,19,44,43,78,22,15,64,105,149,14,9,0,0,1,16
G187,0,14,24,17,0,3,6,7,50,5,10,42,39,73,20,11,48,94,162,13,12,0,0,1,14
G188,0,15,21,15,0,4,10,14,44,1,14,37,51,76,24,22,53,110,121,13,7,0,0,3,12
G189,0,12,21,23,0,5,9,10,44,3,11,52,35,62,25,21,41,113,117,21,13,0,0,0,13
G190,0,14,17,21,0,7,2,4,32,1,15,25,56,64,19,16,51,102,115,17,13,0,0,0,12
G191,0,18,19,22,0,6,6,7,42,2,18,25,44,65,15,19,47,123,90,15,17,0,0,0,12
G192,0,25,23,24,0,4,6,5,33,3,23,26,53,51,19,17,39,102,81,23,10,0,0,1,16
G193,0,18,24,29,0,8,5,4,27,1,14,21,38,58,26,15,28,122,72,15,14,0,0,2,11
G194,0,17,36,18,0,4,7,3,29,1,16,21,34,40,19,11,34,130,53,14,15,0,0,2,16
G195,0,23,19,25,0,3,0,6,20,2,7,25,44,33,17,19,24,110,64,23,14,0,0,0,15
G196,0,13,19,20,0,7,7,3,23,8,17,14,34,32,17,16,27,111,44,11,9,0,0,1,15
G197,0,15,25,21,0,4,4,3,18,2,12,11,25,33,20,21,23,113,46,15,16,0,0,0,12
G198,0,22,19,21,0,1,3,1,16,4,16,13,35,27,15,14,24,144,38,17,11,0,0,1,14
G199,0,14,31,24,0,4,7,0,10,3,16,9,37,26,25,25,18,137,28,18,19,0,0,0,23
G200,0,18,19,20,0,4,7,1,20,9,11,5,30,23,14,20,16,135,17,14,16,0,0,0,20
G201,0,23,24,31,0,4,4,0,11,2,13,7,22,26,19,19,18,124,24,20,18,0,0,0,17
G202,0,17,27,26,0,5,2,0,10,3,17,5,34,12,23,8,11,118,17,20,24,0,0,1,28
G203,0,17,20,33,0,4,3,3,15,5,12,12,26,18,24,27,14,136,14,17,14,0,0,1,16
G204,0,23,21,23,0,4,3,0,15,3,15,6,29,16,19,16,9,115,9,22,15,0,0,0,22
G205,0,23,19,22,0,3,4,1,13,4,10,1,39,11,16,11,12,124,8,17,21,0,0,0,17
G206,0,21,25,26,0,3,2,0,11,2,17,6,21,13,17,23,10,136,7,25,13,0,0,0,22
G207,0,17,28,22,0,7,3,0,10,1,14,1,37,15,10,22,9,127,9,13,11,0,0,0,26
G208,0,23,25,28,0,5,3,2,5,0,22,1,35,12,16,18,5,87,7,16,14,0,0,0,21
G209,0,24,14,26,0,5,4,1,13,3,15,3,31,13,12,23,6,101,3,24,18,0,0,0,24
G210,0,28,22,16,0,8,5,1,10,3,12,2,29,8,19,22,5,114,4,14,21,0,0,0,23
G211,0,20,31,26,0,7,5,0,10,4,14,1,23,10,14,29,3,88,8,14,18,0,0,0,20
G212,0,22,23,27,0,3,8,0,8,13,9,0,23,10,16,19,3,111,2,21,18,0,0,0,34
G213,0,27,19,27,0,3,4,0,12,5,12,0,29,10,18,24,2,105,3,11,25,0,0,0,21
G214,0,18,27,19,0,3,4,3,9,6,17,0,27,12,12,31,1,86,3,14,21,0,0,0,24
G215,0,32,33,30,0,1,3,0,8,5,15,1,22,12,10,19,0,94,1,13,24,0,0,0,23
G216,0,27,30,26,0,7,2,1,8,5,19,1,17,10,14,13,1,92,1,19,21,0,0,0,26
G217,0,34,12,23,0,3,7,0,13,2,20,0,25,10,28,18,1,86,2,8,19,0,0,0,17
G218,0,31,20,30,0,4,5,0,6,12,12,0,23,9,21,22,0,85,3,25,30,0,0,0,21
G219,0,40,29,28,0,10,5,0,2,5,15,0,21,7,20,22,1,88,1,25,20,0,0,0,14
G220,0,31,33,25,0,4,1,0,6,10,19,0,12,7,18,15,0,68,1,17,24,0,0,0,18
G221,0,21,22,33,0,6,4,0,9,9,16,0,18,9,17,26,2,67,1,19,22,0,0,0,21
G222,0,39,37,34,0,1,5,0,11,3,23,0,7,4,21,18,0,59,2,30,31,0,0,0,24
G223,0,44,33,24,0,2,4,0,5,10,16,0,11,4,22,15,0,68,1,27,30,0,0,0,27
G224,0,28,35,34,0,6,5,0,11,12,28,0,13,6,23,14,0,58,3,25,28,0,0,0,21
G225,0,32,31,41,0,8,7,0,12,9,22,1,10,7,22,31,0,31,1,20,25,0,0,0,30
G226,0,41,27,36,0,3,3,1,4,9,17,0,7,5,20,23,0,35,0,25,25,0,0,0,23
G227,0,29,38,44,0,4,9,0,6,9,15,0,7,0,19,25,0,31,1,22,23,0,0,0,32
G228,0,37,41,32,0,2,7,0,7,6,15,0,7,2,17,27,0,31,0,20,37,0,0,0,18
G229,0,47,42,45,0,3,13,0,10,8,29,1,2,4,25,23,1,25,0,20,28,0,0,0,25
G230,0,34,32,38,0,9,13,0,5,12,16,0,0,6,19,25,0,14,0,35,41,0,0,0,19
G231,0,43,46,38,0,6,9,0,5,8,25,0,1,3,31,25,0,15,0,28,32,0,0,0,15
G232,0,30,31,40,0,7,8,0,11,13,33,1,0,1,27,22,0,8,1,33,25,0,0,0,22
G233,0,38,43,44,0,10,5,0,9,9,25,0,0,0,21,34,0,6,0,26,39,0,0,0,24
G234,0,38,37,43,0,4,1,0,9,10,27,0,0,0,23,25,0,4,0,37,30,0,0,0,19
G235,0,37,45,44,0,6,4,0,8,13,23,0,1,1,20,40,0,3,0,31,32,0,0,0,26
G236,0,24,44,45,0,10,11,0,0,9,22,0,0,1,25,30,0,0,0,28,46,0,0,0,30
G237,0,51,51,49,0,7,12,0,7,14,24,0,0,0,24,22,0,1,0,36,40,0,0,0,32
G238,0,41,50,43,0,14,13,0,6,14,33,0,0,1,23,27,0,0,0,31,47,0,0,0,28
G239,0,42,48,50,0,15,13,0,4,11,26,0,0,0,27,36,0,0,0,22,28,0,0,0,23
G240,0,43,59,59,0,7,9,0,14,10,27,0,0,0,34,33,0,0,0,33,31,0,0,0,31
G241,0,42,53,57,0,9,13,0,3,11,36,0,0,0,40,34,0,0,0,38,33,0,0,0,45
G242,0,47,82,69,0,9,10,0,6,10,35,0,0,0,38,25,0,0,0,44,47,0,0,0,31
G243,0,45,53,60,0,11,18,0,5,13,35,0,0,0,47,32,0,0,0,48,45,0,0,0,33
G244,0,54,72,81,0,19,10,0,7,19,27,0,0,0,33,35,0,0,0,51,42,0,0,0,39
G245,0,72,82,70,0,7,21,0,7,27,27,0,0,0,41,44,0,0,0,45,55,0,0,0,36
G246,0,75,84,93,0,7,15,0,6,23,25,0,0,0,39,49,0,0,0,45,44,0,0,0,46
G247,0,83,95,105,0,12,13,0,7,22,31,0,0,0,33,41,0,0,0,55,65,0,0,0,51
G248,0,78,107,95,0,11,16,0,5,32,28,0,0,0,55,61,0,0,0,55,50,0,0,0,39
G249,0,110,156,109,0,17,15,0,14,40,45,0,0,0,55,48,0,0,0,64,62,0,0,0,72
G250,0,116,148,114,0,19,14,0,14,30,56,0,0,0,58,76,0,0,0,76,93,0,0,0,70
G251,0,129,168,147,0,29,28,0,16,35,80,0,0,0,78,124,0,0,0,57,90,0,0,0,106
G252,0,169,226,161,0,39,24,0,27,47,109,0,0,0,107,108,0,0,0,101,116,0,0,0,109
G253,0,266,292,224,0,47,41,0,24,90,145,0,0,0,164,153,0,0,0,90,145,0,0,0,185
G254,0,975,949,839,0,166,203,0,136,153,422,0,0,0,427,257,0,0,0,448,525,0,0,0,309
G255,13530,5919,1057,5436,13200,12329,282,0,237,12198,8011,0,0,0,8540,7150,0,0,0,8310,4882,0,0,0,7736
R0,0,0,0,0,0,0,1,20,11,0,0,0,87,0,0,2,3,0,0,0,0,178,3,0,0
R1,0,0,0,0,0,0,1,4,3,0,0,0,39,0,0,0,12,0,0,0,0,274,11,0,0
R2,0,0,0,0,0,0,0,0,0,0,0,0,25,0,0,1,2,0,0,0,0,113,2,0,0
R3,0,0,0,0,0,0,0,5,3,0,0,0,36,0,0,5,37,0,0,0,2,233,18,0,0
R4,0,0,0,0,0,0,1,6,5,0,0,0,19,0,0,3,33,0,0,0,8,286,28,0,0
R5,0,0,0,0,0,0,1,4,0,0,0,0,17,0,0,4,23,0,0,0,3,157,11,0,0
R6,0,0,0,0,0,0,0,8,5,0,0,0,9,0,0,9,33,0,0,0,8,298,28,1,0
R7,0,0,0,0,0,0,1,7,1,0,0,0,18,0,0,8,35,0,0,0,12,274,25,2,0
R8,0,0,0,0,0,0,0,5,1,0,0,0,17,0,0,8,47,0,0,0,9,309,25,1,0
R9,0,0,1,0,0,0,0,7,2,0,0,0,7,0,0,3,30,1,0,0,16,229,18,0,0
R10,0,0,0,0,0,0,0,6,1,0,0,0,11,0,0,7,44,0,0,0,10,239,33,2,0
R11,0,0,0,0,0,0,3,6,2,0,0,0,12,0,0,11,46,0,0,0,23,224,23,4,0
R12,0,0,0,0,0,0,1,5,0,0,0,0,5,0,0,5,43,0,0,0,18,227,31,3,0
R13,0,0,1,0,0,0,3,2,1,0,0,0,7,0,0,15,52,0,0,0,21,247,27,13,0
R14,0,0,0,0,0,0,2,3,1,0,0,0,3,0,0,14,55,0,0,0,28,237,34,8,0
R15,0,0,1,0,0,0,0,5,4,0,0,0,6,0,0,14,47,1,0,0,37,235,47,6,0
R16,0,0,2,0,0,0,1,5,3,0,0,0,6,0,0,14,36,1,0,0,28,189,29,8,0
R17,0,0,0,0,0,0,0,4,3,0,0,0,5,0,0,20,55,0,0,0,24,195,24,5,0
R18,0,0,0,0,0,0,0,4,1,0,0,0,8,0,0,18,66,3,0,0,46,212,28,5,0
R19,0,0,2,0,0,0,2,6,2,0,0,0,3,0,0,12,53,1,0,0,40,202,28,15,0
R20,0,0,1,0,0,0,3,5,5,0,0,0,5,0,0,13,62,2,0,0,55,209,38,19,0
R21,0,1,4,0,0,0,5,1,1,0,0,0,7,0,0,27,54,4,0,0,55,189,27,9,0
R22,0,1,3,0,0,0,7,1,2,0,0,0,8,0,0,22,49,1,0,0,53,214,33,10,0
R23,0,0,4,0,0,0,5,2,1,0,0,0,7,0,0,24,60,1,0,0,51,184,30,21,0
R24,0,0,6,0,0,0,6,1,1,0,0,0,6,0,0,23,46,4,0,0,59,186,34,15,0
R25,0,1,3,0,0,0,10,8,3,0,0,0,2,0,0,21,56,4,0,0,72,181,46,18,0
R26,0,0,9,0,0,0,8,3,1,0,0,0,5,0,0,35,50,1,0,0,64,193,38,25,0
R27,0,0,3,0,0,0,4,1,0,0,0,0,6,0,0,25,41,1,0,0,60,171,54,37,0
R28,0,0,6,0,0,0,6,3,0,0,0,0,7,0,0,32,47,2,0,0,84,174,35,31,1
R29,0,0,2,0,0,0,14,2,1,0,0,0,5,0,0,36,42,4,0,0,64,164,52,36,0
R30,0,0,3,0,0,0,14,6,4,0,0,0,9,0,0,40,42,7,0,0,81,158,39,40,1
R31,0,0,4,0,0,0,22,6,3,0,0,0,5,0,0,35,41,5,0,0,88,188,59,43,2
R32,0,0,3,0,0,0,28,1,3,0,0,0,10,0,0,35,29,3,0,0,77,149,47,50,2
R33,0,1,6,0,0,0,16,8,2,0,0,0,7,0,0,34,34,4,0,0,81,142,62,60,0
R34,0,0,3,0,0,0,27,3,0,0,0,0,6,0,0,40,29,10,0,0,70,146,48,61,2
R35,0,2,6,0,0,0,29,3,2,0,0,0,4,0,0,36,33,9,1,0,87,145,43,72,1
R36,0,1,7,0,0,0,28,1,0,0,0,0,6,0,0,43,30,11,0,0,103,152,58,61,2
R37,0,1,6,0,0,0,35,4,1,0,0,0,16,0,0,37,28,5,0,0,78,127,44,56,4
R38,0,0,13,0,0,0,36,9,3,0,0,0,3,0,0,41,41,4,0,0,81,118,49,82,5
R39,0,1,11,0,0,0,46,5,3,0,0,0,6,0,0,31,33,7,0,2,89,137,44,88,6
R40,0,1,5,0,0,0,39,7,3,0,0,0,3,0,0,42,37,7,1,0,88,119,55,95,11
R41,0,1,5,0,0,0,57,5,4,0,0,0,6,0,0,39,32,5,1,2,98,112,56,102,12
R42,0,0,10,0,0,0,37,3,1,0,0,0,10,0,0,53,27,8,0,0,96,123,52,107,9
R43,0,2,7,0,0,0,41,4,4,0,0,0,5,0,0,35,25,14,0,1,99,102,53,98,10
R44,0,2,11,0,0,0,38,9,8,0,0,0,7,0,0,40,30,13,1,1,100,105,72,121,10
R45,0,5,10,0,0,0,57,4,1,0,0,0,10,0,0,31,33,8,1,1,91,87,58,101,14
R46,0,0,17,0,0,0,59,3,2,0,0,0,8,0,0,49,32,11,0,2,82,96,78,131,10
R47,0,1,8,0,0,0,40,13,2,0,0,0,7,0,0,51,24,15,2,1,95,92,69,157,10
R48,0,0,16,0,0,0,46,7,3,0,0,0,8,0,0,44,32,13,1,4,94,91,71,127,14
R49,0,3,18,0,0,0,47,6,2,0,0,0,4,0,0,44,23,16,0,1,97,93,78,142,20
R50,0,3,30,0,0,0,55,6,4,0,0,0,7,0,0,33,26,19,2,3,86,93,84,141,14
R51,0,4,13,0,0,0,56,5,3,0,0,0,6,0,0,33,24,13,1,4,90,82,95,145,20
R52,0,2,9,0,0,0,46,8,2,0,0,0,5,0,0,39,21,28,0,3,69,70,100,161,20
R53,0,4,19,0,0,0,41,4,7,0,0,0,8,0,0,58,18,22,0,2,72,71,100,185,17
R54,0,2,17,0,0,0,38,7,6,0,0,0,6,0,0,41,35,23,0,1,67,50,71,179,16
R55,0,3,20,0,0,0,54,7,2,0,0,0,12,0,0,56,34,30,1,6,78,51,85,169,19
R56,0,6,23,0,0,1,47,5,2,0,0,0,13,0,0,44,16,25,0,3,99,42,86,169,22
R57,0,4,18,0,0,1,58,5,1,0,0,0,12,0,0,34,26,23,2,3,68,55,101,159,27
R58,0,8,15,0,0,0,27,4,6,0,0,0,9,0,0,52,27,23,2,2,69,56,95,153,39
R59,0,4,20,0,0,0,40,5,3,0,1,0,7,0,0,47,18,27,1,5,54,37,100,163,34
R60,0,5,26,0,0,0,50,8,4,0,0,0,8,1,0,51,26,19,2,5,55,53,98,167,31
R61,0,6,18,0,0,0,48,6,4,0,0,0,9,0,0,52,29,28,0,8,56,42,97,165,37
R62,0,5,19,0,0,1,35,5,6,0,0,1,8,0,0,37,23,26,2,6,70,39,114,163,32
R63,0,8,19,0,0,0,41,5,3,0,0,0,14,0,0,39,32,19,3,5,40,36,105,177,39
R64,0,12,26,0,0,0,41,1,5,0,0,1,12,0,0,47,22,17,2,12,42,27,117,147,39
R65,0,7,24,1,0,1,49,5,3,0,0,1,12,0,0,45,26,30,1,7,48,29,114,177,35
R66,0,4,25,0,0,0,47,5,1,0,1,0,12,1,0,43,29,26,2,6,40,43,114,176,33
R67,0,6,24,1,0,1,45,3,4,0,0,0,6,0,0,45,27,28,4,8,45,38,128,172,30
R68,0,12,24,0,0,0,31,6,7,0,0,2,10,0,0,36,36,35,1,8,45,33,108,158,33
R69,0,13,28,0,0,1,37,2,6,0,0,4,10,0,0,40,31,27,1,10,35,35,99,162,41
R70,0,7,32,3,0,2,36,6,6,0,0,3,9,0,0,35,26,27,1,11,34,40,98,174,34
R71,0,11,16,2,0,0,46,6,5,0,0,9,18,0,0,35,25,41,4,6,35,26,115,147,34
R72,0,8,36,3,0,0,49,6,6,0,1,6,12,0,0,35,28,38,4,12,39,31,100,151,24
R73,0,13,25,0,0,2,40,5,5,0,0,6,19,0,0,35,27,30,3,15,33,28,105,154,43
R74,0,18,30,2,0,0,41,7,4,0,0,8,12,0,0,32,28,28,3,9,20,31,102,169,32
R75,0,7,40,1,0,3,30,3,4,0,0,7,6,0,0,43,26,40,6,15,22,19,114,163,31
R76,0,18,23,1,0,2,40,7,8,0,0,6,11,0,0,34,23,48,7,14,21,29,101,144,47
R77,0,9,25,2,0,3,42,4,4,0,0,11,13,0,0,33,21,39,1,8,25,35,127,148,31
R78,0,19,24,2,0,2,34,4,5,0,0,11,20,1,0,31,28,34,8,10,17,28,114,129,37
R79,0,8,37,2,0,0,29,4,7,0,0,5,11,1,0,40,23,49,2,12,17,20,112,145,30
R80,0,11,31,4,0,3,45,4,16,0,0,15,10,0,0,29,32,58,8,11,24,23,98,125,24
R81,0,13,37,3,0,1,22,4,12,0,1,19,15,0,0,32,23,44,7,7,15,23,139,130,30
R82,0,14,39,5,0,5,42,4,6,0,1,23,16,2,0,26,22,45,6,11,11,24,124,124,26
R83,0,20,37,1,0,3,36,7,5,0,1,14,21,1,0,29,39,50,5,14,24,29,91,127,31
R84,0,20,39,5,0,2,30,7,12,0,0,16,31,0,0,32,31,53,7,15,14,15,123,118,23
R85,0,14,37,4,0,3,42,4,10,0,1,21,18,1,0,21,30,73,3,22,14,18,103,115,26
R86,0,19,40,7,0,5,28,8,6,0,2,16,20,2,0,26,30,76,12,17,16,19,124,124,21
R87,0,17,42,3,0,5,40,4,8,0,1,17,24,0,0,32,23,58,8,18,15,28,102,125,29
R88,0,20,54,1,0,10,37,6,4,0,2,12,26,0,0,31,25,80,6,12,23,22,119,125,21
R89,0,18,50,4,0,7,39,6,5,0,3,28,22,2,0,27,29,75,7,10,14,11,111,107,19
R90,0,17,40,6,0,8,29,3,11,0,1,26,18,0,0,21,21,81,5,16,15,34,124,102,24
R91,0,18,52,4,0,12,30,5,11,0,2,21,24,0,0,27,26,83,13,19,17,17,117,77,18
R92,0,21,43,4,0,4,36,7,9,0,3,41,17,0,0,19,24,79,6,11,15,22,117,87,17
R93,0,17,52,5,0,7,38,5,6,0,4,41,27,0,0,21,20,74,11,22,20,18,105,108,34
R94,0,18,50,5,0,3,38,9,17,0,2,24,25,0,0,20,20,81,12,12,16,23,97,80,15
R95,0,13,57,12,0,4,42,1,8,0,3,34,26,1,0,27,27,82,10,22,14,23,106,99,14
R96,0,24,61,7,0,5,39,7,13,0,4,38,23,1,0,16,14,77,13,14,14,21,98,82,20
R97,0,17,66,10,0,8,47,7,15,0,3,39,29,0,0,15,20,84,7,10,17,28,128,75,13
R98,0,19,63,4,0,8,51,8,5,0,6,36,33,1,0,25,24,104,12,14,18,17,117,74,15
R99,0,24,65,9,0,4,41,15,16,0,11,28,35,1,0,18,26,75,9,19,16,20,128,73,19
R100,0,21,56,15,0,1,24,3,9,0,9,45,30,0,0,18,23,68,7,11,14,18,97,80,14
R101,0,18,54,11,0,3,25,9,12,0,12,46,24,0,0,15,24,66,15,16,13,23,100,79,23
R102,0,21,62,13,0,7,34,14,12,0,10,46,33,3,0,16,28,79,14,16,13,14,113,61,14
R103,0,26,58,14,0,5,44,6,9,0,10,40,29,1,0,13,27,72,16,11,10,18,107,65,14
R104,0,16,74,10,0,8,28,10,14,0,20,34,27,1,0,25,24,69,7,18,11,18,121,48,17
R105,0,21,66,13,0,9,29,8,14,0,12,45,28,1,0,13,29,65,9,19,13,13,132,61,18
R106,0,20,64,15,0,7,31,9,17,0,17,49,32,3,0,18,27,86,9,16,18,24,118,62,10
R107,0,22,57,11,0,6,40,16,16,0,13,42,31,1,0,13,33,85,13,14,15,11,119,54,20
R108,0,26,78,15,0,7,31,10,20,0,17,39,31,3,0,16,26,78,18,19,19,15,122,62,18
R109,0,24,85,24,0,8,40,6,25,0,23,42,44,2,0,18,29,59,14,14,18,18,106,57,17
R110,0,20,72,15,0,7,38,9,23,0,25,38,44,1,0,12,23,67,16,19,15,11,130,49,14
R111,0,18,72,17,0,6,55,8,10,0,20,40,29,2,0,12,30,56,16,20,15,13,116,75,21
R112,0,16,73,9,0,8,36,15,14,0,23,42,49,0,0,13,28,68,14,12,8,20,125,58,23
R113,0,14,85,12,0,14,34,8,15,0,18,48,48,2,0,13,29,74,19,14,14,8,104,55,22
R114,0,25,90,16,0,8,44,11,25,0,18,38,40,0,0,15,24,52,10,18,17,15,93,50,18
R115,0,21,62,22,0,12,54,13,15,0,27,30,42,2,0,11,28,51,17,16,10,11,114,41,22
R116,0,24,58,18,0,4,44,15,27,0,32,49,48,2,0,12,25,67,8,13,11,23,114,56,12
R117,0,17,63,20,0,13,36,18,28,0,32,50,53,0,0,14,32,54,12,13,7,20,104,48,19
R118,0,13,71,17,0,8,46,8,20,0,25,47,47,1,0,8,29,57,16,8,10,17,95,35,12
R119,0,20,73,23,0,5,55,11,17,0,29,39,60,3,0,13,28,72,28,15,15,21,113,47,13
R120,0,17,60,19,0,11,61,18,36,0,30,51,46,2,0,10,40,62,23,15,20,10,117,51,13
R121,0,19,82,24,0,5,57,6,24,0,39,51,48,2,0,9,43,66,14,18,14,17,94,38,28
R122,0,17,52,21,0,4,56,12,29,0,30,38,54,5,0,15,29,68,26,15,12,18,103,40,20
R123,0,14,72,21,0,6,58,15,25,0,27,36,51,2,0,16,37,54,23,16,13,17,93,48,13
R124,0,24,70,18,0,3,52,13,28,0,31,44,44,4,0,8,39,54,25,18,15,17,99,44,17
R125,0,17,69,26,0,1,58,12,32,0,24,43,49,5,0,16,38,64,30,23,17,27,96,42,12
R126,0,26,67,30,0,7,52,11,25,0,35,48,52,1,0,16,30,58,26,10,14,19,82,44,15
R127,0,15,67,25,0,3,49,15,29,0,31,56,44,1,0,11,30,62,27,19,15,21,84,48,10
R128,0,28,73,15,0,5,69,11,33,0,27,38,49,4,0,10,35,54,27,20,8,21,85,39,21
R129,0,23,69,20,0,6,55,17,31,0,25,52,58,2,0,13,37,47,27,16,11,19,97,41,9
R130,0,24,69,24,0,4,80,23,27,0,34,43,60,10,0,7,45,48,23,17,17,14,75,52,14
R131,0,25,59,19,0,1,67,19,24,0,30,45,73,6,0,5,42,56,33,23,10,22,86,40,9
R132,0,17,61,20,0,5,61,28,33,0,39,40,60,5,0,13,37,64,28,25,13,27,95,43,14
R133,0,12,54,33,0,7,74,24,31,0,43,48,57,5,0,6,34,43,26,14,11,16,59,43,15
R134,0,22,68,35,0,4,73,18,26,0,41,49,48,9,0,16,46,57,35,22,18,28,82,35,18
R135,0,24,61,21,0,2,59,23,35,0,39,48,59,11,0,8,36,51,21,22,13,19,80,30,11
R136,0,22,73,21,0,5,66,28,31,0,26,41,69,13,0,10,47,63,25,18,18,23,74,57,13
R137,0,31,51,31,0,3,64,30,35,0,24,34,74,17,0,4,55,62,25,11,10,21,86,41,13
R138,0,18,63,21,0,2,76,23,44,0,29,43,71,12,0,12,46,56,31,22,15,26,67,41,5
R139,0,27,75,27,0,5,65,39,37,0,28,47,69,19,0,14,38,49,42,24,12,18,64,41,20
R140,0,23,60,41,0,2,79,32,37,0,35,37,79,9,0,12,49,59,32,27,20,21,71,48,8
R141,0,21,59,21,0,1,78,39,34,0,36,51,87,11,0,9,36,53,32,18,11,17,73,46,15
R142,0,26,56,20,0,2,73,27,38,0,36,51,75,18,0,5,54,52,30,14,10,26,78,41,14
R143,0,28,57,32,0,5,77,34,39,0,27,45,92,11,0,15,48,57,30,11,13,27,62,29,11
R144,0,24,56,25,0,2,72,44,42,0,32,47,82,17,1,14,60,49,35,12,13,18,67,44,16
R145,0,30,57,23,0,4,84,45,38,0,30,56,88,15,0,8,54,60,40,14,12,20,65,38,18
R146,0,30,68,27,0,2,60,42,39,0,38,56,87,20,0,13,51,50,43,13,10,21,59,46,8
R147,0,30,56,19,0,3,79,62,49,0,35,53,81,25,0,15,50,45,39,20,9,24,53,39,14
R148,0,23,66,28,0,2,77,48,56,0,40,47,78,24,0,11,56,45,41,17,12,22,47,43,11
R149,0,21,67,25,0,7,70,66,63,0,27,52,110,23,0,11,52,61,44,21,11,32,62,42,18
R150,0,35,55,29,0,1,96,62,55,0,20,48,101,20,0,14,46,52,40,17,9,28,55,53,12
R151,0,22,66,27,0,4,93,58,65,0,32,47,83,23,0,13,52,56,50,14,15,35,51,46,10
R152,0,33,70,30,0,4,76,78,69,0,42,61,94,22,1,18,64,55,46,16,9,34,59,40,18
R153,0,22,61,27,0,2,88,81,77,0,32,54,102,18,0,15,62,49,38,13,7,32,46,35,7
R154,0,29,66,32,0,1,85,72,64,0,49,48,102,21,0,12,88,58,57,14,8,32,49,43,15
R155,0,30,70,26,0,2,93,83,71,0,38,49,111,23,0,7,60,47,59,21,14,38,40,43,15
R156,0,21,68,20,0,6,103,89,90,0,46,55,106,26,0,8,70,54,52,11,5,26,43,41,12
R157,0,19,72,33,0,4,98,106,91,0,44,48,103,23,2,14,90,39,40,17,13,39,45,41,7
R158,0,34,51,35,0,1,102,89,71,0,24,51,116,35,1,9,72,41,42,29,10,37,44,34,11
R159,0,33,57,24,0,4,102,80,76,0,42,63,97,44,0,13,71,62,54,22,18,45,32,27,7
R160,0,37,51,23,0,4,96,80,104,0,46,40,121,31,0,6,83,57,59,11,10,46,41,42,17
R161,0,34,53,33,0,3,106,115,87,1,40,58,107,29,1,8,75,50,66,14,10,36,44,39,13
R162,0,37,61,42,0,2,111,139,88,0,41,69,114,39,1,8,88,54,57,17,18,42,44,31,15
R163,0,34,65,32,0,2,109,128,108,0,40,60,132,41,2,18,106,61,57,13,12,41,40,49,26
R164,0,40,56,35,0,0,119,100,114,0,38,75,116,50,2,10,98,73,58,18,11,34,38,54,13
R165,0,34,79,34,0,2,121,116,140,0,43,66,128,52,3,15,98,56,53,10,9,31,42,41,17
R166,0,38,59,32,0,3,117,104,124,0,41,75,123,40,0,15,91,45,65,19,7,31,34,54,14
R167,0,41,64,41,0,1,111,144,131,0,50,66,119,36,7,16,109,37,67,17,11,45,29,45,12
R168,0,38,45,40,0,5,130,151,117,0,38,74,136,48,3,8,112,54,52,25,10,51,36,36,7
R169,0,43,48,41,0,6,104,139,130,0,36,61,133,40,6,14,100,63,66,19,10,38,26,32,18
R170,0,25,51,50,0,5,111,148,152,0,52,76,130,36,6,6,105,51,61,21,10,42,36,41,8
R171,0,30,53,44,0,3,118,157,127,0,40,86,130,73,9,25,146,63,66,23,17,35,21,32,10
R172,0,41,53,44,0,1,121,160,128,2,51,85,130,72,9,16,111,58,81,15,15,41,29,33,20
R173,0,30,47,57,0,6,105,152,130,2,41,82,144,76,7,16,114,62,84,13,13,42,24,40,21
R174,0,41,44,51,0,4,112,191,154,3,32,69,141,83,15,10,105,56,80,25,5,43,23,34,10
R175,0,45,43,50,0,4,98,172,145,4,37,99,151,59,11,17,121,41,83,14,9,34,23,32,10
R176,0,32,60,68,0,3,114,188,152,2,50,116,167,87,14,15,129,58,76,20,16,34,16,32,12
R177,0,35,61,62,0,4,111,202,167,0,40,70,131,85,18,18,128,52,67,23,7,38,27,35,15
R178,0,39,64,57,0,5,118,212,193,3,40,103,137,82,11,14,125,50,88,19,16,34,14,27,11
R179,0,44,44,66,0,3,103,218,144,1,48,107,144,100,15,14,114,44,101,24,12,36,14,25,10
R180,0,47,55,57,0,3,110,229,160,4,53,120,130,73,16,9,132,40,83,16,13,32,14,26,15
R181,0,39,46,78,0,1,118,227,189,1,57,118,133,92,17,14,133,56,104,15,15,20,12,35,18
R182,0,39,40,58,0,3,118,231,168,6,31,128,145,108,24,18,126,53,91,15,14,26,7,30,16
R183,0,40,43,74,0,3,107,201,172,8,36,124,136,129,26,21,129,55,107,21,19,30,14,18,18
R184,0,40,60,61,0,2,122,232,152,3,36,145,158,111,24,21,116,68,117,28,9,24,8,28,15
R185,0,40,47,61,0,3,124,212,162,5,37,125,164,130,25,11,130,44,102,22,16,24,8,34,13
R186,0,44,53,79,0,4,126,229,184,3,36,152,153,114,36,16,124,64,100,11,14,34,8,28,22
R187,0,28,51,70,0,2,104,225,167,7,35,137,128,137,33,15,139,51,97,25,8,24,6,24,18
R188,0,38,70,61,0,3,103,242,151,3,38,136,137,122,25,13,107,74,122,16,11,27,6,27,18
R189,0,43,52,70,0,5,100,254,172,6,39,132,154,131,35,16,118,67,123,14,12,18,8,18,13
R190,0,49,54,65,0,7,117,240,162,5,35,144,130,158,42,22,117,66,132,26,15,16,5,19,14
R191,0,53,53,72,0,3,126,265,136,4,36,148,133,163,43,12,122,67,122,30,12,25,6,18,16
R192,0,44,54,71,0,7,105,256,145,5,32,158,136,161,39,20,138,60,127,18,13,15,4,16,10
R193,0,35,46,85,0,5,94,235,166,5,32,183,138,173,41,13,112,90,155,22,14,12,5,15,8
R194,0,50,59,82,0,7,102,252,141,5,22,190,126,186,43,13,104,75,143,20,14,15,1,21,22
R195,0,49,58,68,0,4,125,259,156,2,44,200,130,183,35,12,121,80,137,27,11,10,2,20,16
R196,0,48,61,61,0,4,95,217,146,5,28,193,107,195,57,20,130,68,165,19,17,17,2,17,14
R197,0,51,62,64,0,7,115,222,137,4,29,182,102,215,37,16,118,64,131,24,13,19,3,16,15
R198,0,47,71,67,0,3,97,219,134,5,21,182,103,178,66,20,101,72,165,16,19,17,0,16,16
R199,0,49,77,56,0,2,93,222,121,2,33,198,97,202,49,23,94,85,178,31,6,7,2,18,16
R200,0,45,57,50,0,7,102,228,131,2,23,195,107,197,42,23,102,84,142,32,17,9,1,10,20
R201,0,52,67,56,0,6,89,175,123,5,26,178,101,229,54,15,115,83,164,10,22,5,1,11,24
R202,0,40,53,62,0,5,88,193,140,4,30,198,87,228,68,15,101,93,211,25,19,9,1,12,17
R203,0,47,62,54,0,5,90,209,126,5,33,185,98,240,69,13,115,98,187,23,21,6,1,9,25
R204,0,42,72,58,0,1,73,163,113,1,21,209,97,225,52,23,107,100,204,32,13,4,0,8,15
R205,0,43,50,39,0,1,67,177,107,7,21,175,91,228,48,15,88,99,178,22,21,6,1,8,20
R206,0,32,48,49,0,5,71,168,120,2,18,198,79,245,66,24,104,109,190,35,13,6,0,7,25
R207,0,37,54,58,0,5,67,159,128,8,19,173,88,256,57,17,98,106,184,25,14,3,1,21,25
R208,0,45,48,59,0,4,80,144,129,2,28,203,86,255,67,21,101,135,199,23,15,2,1,1,28
R209,0,40,58,52,0,3,76,144,107,8,31,175,88,246,60,21,109,115,212,36,17,3,1,10,21
R210,0,31,41,52,0,11,74,115,105,5,18,193,85,222,61,26,98,127,197,22,19,2,1,3,20
R211,0,40,45,54,0,5,57,117,93,4,25,180,73,229,66,19,98,130,192,25,22,4,0,2,28
R212,0,40,34,51,0,6,78,124,120,4,17,150,72,255,66,26,94,145,227,25,17,1,0,4,25
R213,0,35,44,41,0,3,64,114,126,3,24,185,87,246,73,17,96,155,216,35,19,1,0,4,26
R214,0,22,46,54,0,3,57,101,118,3,15,172,70,244,57,31,99,166,236,32,28,0,0,6,18
R215,0,37,45,50,0,2,45,97,114,7,22,184,72,252,67,24,91,138,247,31,20,0,0,1,31
R216,0,44,32,50,0,6,46,102,125,2,25,208,79,239,80,18,78,154,265,35,28,0,0,7,28
R217,0,43,32,54,0,3,39,93,101,6,22,157,83,258,77,23,87,157,231,19,20,0,2,5,15
R218,0,46,37,48,0,5,46,90,117,4,24,177,69,244,77,25,97,129,228,37,26,0,1,8,24
R219,0,33,39,40,0,8,39,81,102,10,20,166,60,217,78,30,86,153,274,37,15,0,0,2,16
R220,0,52,31,35,0,5,32,65,117,7,26,162,66,197,74,21,72,150,233,41,30,0,0,3,16
R221,0,37,33,51,0,3,34,68,116,10,21,142,67,234,63,18,71,146,257,33,21,0,0,3,18
R222,0,35,33,42,0,5,30,64,148,10,23,118,61,225,89,22,66,185,228,42,32,0,0,3,29
R223,0,50,42,36,0,2,36,52,119,7,30,135,72,201,69,22,84,158,223,31,28,0,0,6,26
R224,0,48,48,38,0,5,28,60,110,11,25,129,53,226,97,20,76,170,245,37,27,0,0,1,18
R225,0,31,33,50,0,9,31,44,133,11,34,100,57,215,83,27,63,172,214,42,28,0,0,0,26
R226,0,38,32,51,0,3,25,40,125,10,27,97,55,210,79,28,88,163,243,46,24,0,0,1,30
R227,0,49,47,52,0,4,31,49,122,15,28,90,57,219,62,31,65,151,207,39,20,0,0,2,28
R228,0,36,41,42,0,4,24,40,107,14,29,93,59,197,68,28,67,147,184,27,38,0,0,0,20
R229,0,36,44,41,0,3,23,31,118,11,33,103,65,168,70,23,76,130,185,38,31,0,0,1,26
R230,0,46,33,43,0,10,23,23,112,12,34,70,47,201,66,23,47,128,178,36,38,0,0,0,21
R231,0,48,47,57,0,4,17,29,106,9,12,69,46,168,51,21,55,122,151,40,34,0,0,1,17
R232,0,48,30,56,0,5,18,14,96,15,29,75,51,171,51,30,42,126,149,47,27,0,0,0,16
R233,0,40,55,49,0,11,21,16,105,11,29,67,51,173,43,39,44,104,153,29,39,0,0,0,25
R234,0,51,40,56,0,6,3,11,88,14,27,52,55,153,35,27,47,95,111,43,28,0,0,1,19
R235,0,49,45,40,0,5,9,14,75,9,36,40,52,139,41,31,47,87,91,36,30,0,0,1,28
R236,0,45,49,58,0,13,20,9,68,9,30,44,49,123,54,34,39,77,82,46,49,0,0,1,28
R237,0,34,59,60,0,7,9,5,57,11,37,34,46,108,30,33,30,74,77,39,38,0,0,0,34
R238,0,64,62,50,0,14,15,8,63,12,29,45,50,111,38,25,37,66,65,33,49,0,0,1,29
R239,0,42,45,54,0,13,16,8,58,16,33,38,45,92,49,30,22,51,59,26,28,0,0,0,25
R240,0,53,62,52,0,6,7,11,46,12,22,34,39,97,36,33,25,40,38,39,30,0,0,0,27
R241,0,44,51,66,0,9,16,5,50,15,33,26,36,78,41,30,25,32,38,37,34,0,0,0,46
R242,0,48,81,74,0,11,12,7,34,16,42,19,33,58,40,35,18,20,31,48,46,0,0,0,31
R243,0,53,53,79,0,9,19,1,39,20,34,18,34,66,46,31,20,20,25,41,45,0,0,0,34
R244,0,37,76,76,0,17,11,2,43,11,34,19,35,43,42,42,11,13,16,47,42,0,0,1,39
R245,0,72,79,77,0,10,23,2,20,27,23,16,40,37,48,43,16,4,24,53,55,0,0,1,37
R246,0,75,80,99,0,8,17,3,22,29,30,10,24,19,43,46,9,5,16,48,45,0,0,0,45
R247,0,73,102,121,0,11,13,2,29,24,40,5,26,24,41,47,9,4,12,54,64,0,0,0,50
R248,0,93,105,111,0,12,13,1,24,24,38,8,18,22,49,60,10,2,6,55,50,0,0,0,39
R249,0,116,159,103,0,17,18,0,19,37,46,8,21,10,59,47,3,0,3,67,62,0,0,0,72
R250,0,122,158,127,0,19,13,2,17,38,63,4,13,15,66,77,4,0,5,84,93,0,0,0,69
R251,0,126,168,155,0,28,28,0,17,36,67,2,15,14,85,120,3,1,2,54,90,0,0,0,106
R252,0,178,226,168,0,41,24,1,42,45,111,1,17,10,104,111,2,0,4,97,116,0,0,0,109
R253,0,275,293,225,0,45,45,2,31,89,140,3,11,2,169,152,3,0,1,89,145,0,0,0,185
R254,0,981,951,847,0,168,202,1,139,154,426,3,9,3,438,259,1,0,1,450,525,0,0,0,309
R255,13530,5927,1057,5448,13200,12329,283,11,250,12201,8010,5,16,19,8538,7151,4,0,1,8308,4882,0,0,0,7736
